{
    "type": "FeatureCollection",
    "features": [
        {
            "type": "Feature",
            "properties": {
                "neighborhood": "Del Webb BayView",
                "stroke": "#dd46c9",
                "stroke-width": 2,
                "stroke-opacity": 1,
                "fill": "#dd46c9",
                "fill-opacity": 0.5,
                "new_construction": false,
                "price_range": null,
                "amenities": [
                    "resort-style pool",
                    "fitness center",
                    "tennis courts",
                    "pickleball courts",
                    "bocce ball",
                    "clubhouse",
                    "walking trails",
                    "dog park",
                    "bar and grill"
                ],
                "bedrooms": "2-4",
                "bathrooms": "2-3",
                "garage": "2-3 car",
                "home_size": "1,400 - 2,800 sq ft"
            },
            "geometry": {
                "coordinates": [
                    [
                        [
                            -82.48187616110013,
                            27.601234490631214
                        ],
                        [
                            -82.46858961921332,
                            27.601195286081534
                        ],
                        [
                            -82.46798146065365,
                            27.61072503153433
                        ],
                        [
                            -82.46719403686917,
                            27.613233325356248
                        ],
                        [
                            -82.46497974390812,
                            27.619949972036906
                        ],
                        [
                            -82.46489576907688,
                            27.621643665498
                        ],
                        [
                            -82.46934171368058,
                            27.621614286476817
                        ],
                        [
                            -82.46934398014398,
                            27.6198600210001
                        ],
                        [
                            -82.47509009779695,
                            27.617505787484497
                        ],
                        [
                            -82.47539773768897,
                            27.61518028205397
                        ],
                        [
                            -82.47571758630933,
                            27.61422806380955
                        ],
                        [
                            -82.47819009207413,
                            27.612625420682562
                        ],
                        [
                            -82.48182555771845,
                            27.61204638389195
                        ],
                        [
                            -82.48167628544631,
                            27.61026585215687
                        ],
                        [
                            -82.48187616110013,
                            27.601234490631214
                        ]
                    ]
                ],
                "type": "Polygon"
            }
        },
        {
            "type": "Feature",
            "properties": {
                "neighborhood": "Sawgrass Lakes",
                "stroke": "#a3a522",
                "stroke-width": 2,
                "stroke-opacity": 1,
                "fill": "#a3a522",
                "fill-opacity": 0.5,
                "new_construction": true,
                "price_range": "from $276,990",
                "amenities": [
                    "Beach-entry pool",
                    "Cabana",
                    "Tot lot",
                    "Waterfront homesites available",
                    "Great shopping nearby",
                    "Gorgeous beaches",
                    "No CDD"
                ],
                "bedrooms": "3-5",
                "bathrooms": "2-3",
                "garage": "2 car",
                "home_size": "1,504 - 2,896 sq ft"
            },
            "geometry": {
                "coordinates": [
                    [
                        [
                            -82.45016571280723,
                            27.594159114283144
                        ],
                        [
                            -82.45024801451606,
                            27.595572378605524
                        ],
                        [
                            -82.45008676796708,
                            27.59730700188942
                        ],
                        [
                            -82.45023558825946,
                            27.603045207896713
                        ],
                        [
                            -82.45836341849157,
                            27.6030114220613
                        ],
                        [
                            -82.45842792003202,
                            27.59731458928499
                        ],
                        [
                            -82.45619423498341,
                            27.596136389225656
                        ],
                        [
                            -82.45504228542862,
                            27.595530094925298
                        ],
                        [
                            -82.4542414061772,
                            27.59510065527735
                        ],
                        [
                            -82.4538401375417,
                            27.594920981535466
                        ],
                        [
                            -82.45323007446274,
                            27.594680718461504
                        ],
                        [
                            -82.45258298657076,
                            27.59447990590607
                        ],
                        [
                            -82.45190633486364,
                            27.594324944880796
                        ],
                        [
                            -82.45123886640953,
                            27.594214791302704
                        ],
                        [
                            -82.45092438454803,
                            27.59417794621386
                        ],
                        [
                            -82.4504177378891,
                            27.594144376243946
                        ],
                        [
                            -82.45029911630193,
                            27.594158295502893
                        ],
                        [
                            -82.45016571280723,
                            27.594159114283144
                        ]
                    ]
                ],
                "type": "Polygon"
            }
        },
        {
            "type": "Feature",
            "properties": {
                "neighborhood": "Prosperity Lakes",
                "stroke": "#c2d723",
                "stroke-width": 2,
                "stroke-opacity": 1,
                "fill": "#c2d723",
                "fill-opacity": 0.5,
                "new_construction": true,
                "price_range": "low $300,000s",
                "amenities": [
                    "clubhouse",
                    "sports courts",
                    "gated amenity center for active adults 55+",
                    "resort-style pool",
                    "fitness center",
                    "pickleball courts"
                ],
                "bedrooms": "3-6",
                "bathrooms": "2-4",
                "garage": "2-3 car",
                "home_size": "1,448 - 3,354 sq ft"
            },
            "geometry": {
                "coordinates": [
                    [
                        [
                            -82.44423551459857,
                            27.62075607393301
                        ],
                        [
                            -82.43857689755444,
                            27.619341056535845
                        ],
                        [
                            -82.433720512134,
                            27.619890103390276
                        ],
                        [
                            -82.42765496725642,
                            27.621328697262356
                        ],
                        [
                            -82.42471596717718,
                            27.621865340514148
                        ],
                        [
                            -82.42168747535425,
                            27.62227699791835
                        ],
                        [
                            -82.42037975249265,
                            27.62215360195806
                        ],
                        [
                            -82.4181902384533,
                            27.621609205615755
                        ],
                        [
                            -82.41669918774653,
                            27.62110473938995
                        ],
                        [
                            -82.41658317057237,
                            27.620618798567904
                        ],
                        [
                            -82.41684395140855,
                            27.619834758220534
                        ],
                        [
                            -82.41634230321345,
                            27.619345204035724
                        ],
                        [
                            -82.41389593340884,
                            27.61896034192094
                        ],
                        [
                            -82.41287275706476,
                            27.618423944179142
                        ],
                        [
                            -82.40993635422137,
                            27.617845627534862
                        ],
                        [
                            -82.39959159733041,
                            27.63048173660168
                        ],
                        [
                            -82.44444872352108,
                            27.630572400213453
                        ],
                        [
                            -82.44609806895203,
                            27.628330117564445
                        ],
                        [
                            -82.44473309342277,
                            27.624752447898487
                        ],
                        [
                            -82.4443349755601,
                            27.623039156235322
                        ],
                        [
                            -82.44423551459857,
                            27.62075607393301
                        ]
                    ]
                ],
                "type": "Polygon"
            },
            "id": 2
        },
        {
            "type": "Feature",
            "properties": {
                "neighborhood": "Aviary at Rutland Ranch",
                "stroke": "#c039b5",
                "stroke-width": 2,
                "stroke-opacity": 1,
                "fill": "#c039b5",
                "fill-opacity": 0.5,
                "new_construction": true,
                "price_range": "mid $300s",
                "amenities": [
                    "heated pool",
                    "playground",
                    "walking trails",
                    "sports courts"
                ],
                "bedrooms": "3-6",
                "bathrooms": "2-4",
                "garage": "2-3 car",
                "home_size": "1,500 - 3,162 sq ft"
            },
            "geometry": {
                "coordinates": [
                    [
                        [
                            -82.37344679800975,
                            27.561952606852174
                        ],
                        [
                            -82.37208793996639,
                            27.56320610718214
                        ],
                        [
                            -82.36807013241855,
                            27.57136046998278
                        ],
                        [
                            -82.36801413628399,
                            27.57726885400487
                        ],
                        [
                            -82.36860292609963,
                            27.578202499354063
                        ],
                        [
                            -82.37442256083852,
                            27.581261512093945
                        ],
                        [
                            -82.37634624046152,
                            27.580595015252896
                        ],
                        [
                            -82.37631806947749,
                            27.57958670095705
                        ],
                        [
                            -82.37628481487494,
                            27.57518181101773
                        ],
                        [
                            -82.37620307759104,
                            27.572015109649712
                        ],
                        [
                            -82.3765101843999,
                            27.569294889730855
                        ],
                        [
                            -82.37618341395573,
                            27.567253077789786
                        ],
                        [
                            -82.37459485188957,
                            27.56565868055719
                        ],
                        [
                            -82.37603227997468,
                            27.5641956522661
                        ],
                        [
                            -82.37344679800975,
                            27.561952606852174
                        ]
                    ]
                ],
                "type": "Polygon"
            }
        },
        {
            "type": "Feature",
            "properties": {
                "neighborhood": "Oakfield",
                "stroke": "#38ff60",
                "stroke-width": 2,
                "stroke-opacity": 1,
                "fill": "#38ff60",
                "fill-opacity": 0.5,
                "new_construction": true,
                "price_range": "$300s",
                "amenities": [
                    "trail system",
                    "natural playground",
                    "open fields",
                    "The Grove",
                    "Shadeside",
                    "The Front Lawn",
                    "Waterside",
                    "Treehouse Park",
                    "The Run",
                    "The Harvest Club",
                    "Grand Oak Hall",
                    "Strong Roots",
                    "Main Branch",
                    "The Outpost",
                    "The Backyard",
                    "Wildwaters",
                    "Adventure Falls"
                ],
                "bedrooms": null,
                "bathrooms": null,
                "garage": null,
                "home_size": null
            },
            "geometry": {
                "coordinates": [
                    [
                        [
                            -82.46482525465612,
                            27.623222272639083
                        ],
                        [
                            -82.46496998308318,
                            27.619984362378375
                        ],
                        [
                            -82.46800926719925,
                            27.610751027022857
                        ],
                        [
                            -82.46857778461421,
                            27.6011972137495
                        ],
                        [
                            -82.46765667010814,
                            27.60121847119693
                        ],
                        [
                            -82.46699461905706,
                            27.601175956297965
                        ],
                        [
                            -82.466390137663,
                            27.601099429438875
                        ],
                        [
                            -82.4654744822956,
                            27.60091118686718
                        ],
                        [
                            -82.46475107460674,
                            27.60065128879397
                        ],
                        [
                            -82.46374416931057,
                            27.60014015412004
                        ],
                        [
                            -82.45842614522311,
                            27.597350529652644
                        ],
                        [
                            -82.45836317104047,
                            27.60301135856949
                        ],
                        [
                            -82.45024507197738,
                            27.603044587621326
                        ],
                        [
                            -82.4504651539612,
                            27.6180999553669
                        ],
                        [
                            -82.45405236199403,
                            27.623334228464145
                        ],
                        [
                            -82.45245190380831,
                            27.623978785511326
                        ],
                        [
                            -82.45103331587144,
                            27.625074523782885
                        ],
                        [
                            -82.450451331077,
                            27.62636361359084
                        ],
                        [
                            -82.4497238500836,
                            27.627684914891603
                        ],
                        [
                            -82.4495291285136,
                            27.632301448723112
                        ],
                        [
                            -82.45019055795795,
                            27.64354527620152
                        ],
                        [
                            -82.45579053735275,
                            27.641670593752977
                        ],
                        [
                            -82.45958138219777,
                            27.637632353790238
                        ],
                        [
                            -82.45978952941309,
                            27.632143572672163
                        ],
                        [
                            -82.46048456662119,
                            27.623192269947552
                        ],
                        [
                            -82.46482525465612,
                            27.623222272639083
                        ]
                    ]
                ],
                "type": "Polygon"
            }
        },
        {
            "type": "Feature",
            "properties": {
                "neighborhood": "Foxbrook",
                "stroke": "#30e6f3",
                "stroke-width": 2,
                "stroke-opacity": 1,
                "fill": "#30e6f3",
                "fill-opacity": 0.5,
                "new_construction": false,
                "price_range": "mid $600s - $1.5M",
                "amenities": [
                    "basketball court",
                    "soccer field",
                    "playground with pavilion",
                    "bike paths",
                    "nature trails"
                ],
                "bedrooms": "3-5",
                "bathrooms": "2-4",
                "garage": "2-3 car",
                "home_size": "1,909 - 6,340 sq ft"
            },
            "geometry": {
                "coordinates": [
                    [
                        [
                            -82.36288860496545,
                            27.557900938964536
                        ],
                        [
                            -82.36451107519096,
                            27.555465929799155
                        ],
                        [
                            -82.36217786277064,
                            27.553544704398448
                        ],
                        [
                            -82.35897369894569,
                            27.550353986553958
                        ],
                        [
                            -82.35210210983556,
                            27.543511356108908
                        ],
                        [
                            -82.35144485750509,
                            27.54448697956674
                        ],
                        [
                            -82.3512176817359,
                            27.545308164996044
                        ],
                        [
                            -82.35125624895181,
                            27.546009170038374
                        ],
                        [
                            -82.35212401157864,
                            27.54722309426417
                        ],
                        [
                            -82.35168048845819,
                            27.548573782916606
                        ],
                        [
                            -82.35096552843174,
                            27.55436023764571
                        ],
                        [
                            -82.35104519946131,
                            27.55515486875028
                        ],
                        [
                            -82.35168256769923,
                            27.557662333643478
                        ],
                        [
                            -82.35216059387803,
                            27.559675327399717
                        ],
                        [
                            -82.351342194711,
                            27.56128041970726
                        ],
                        [
                            -82.35115163587936,
                            27.565153005342964
                        ],
                        [
                            -82.35122869818422,
                            27.568213456392925
                        ],
                        [
                            -82.3516492852331,
                            27.57054524623875
                        ],
                        [
                            -82.35141850456435,
                            27.576414459552055
                        ],
                        [
                            -82.35182781383182,
                            27.57834263363621
                        ],
                        [
                            -82.35509576032435,
                            27.57883101894005
                        ],
                        [
                            -82.35814798759883,
                            27.578085136102146
                        ],
                        [
                            -82.35874849296736,
                            27.577279525470217
                        ],
                        [
                            -82.35864463951442,
                            27.576448226299277
                        ],
                        [
                            -82.35808915411477,
                            27.575619842181407
                        ],
                        [
                            -82.3559647115791,
                            27.575717187563413
                        ],
                        [
                            -82.35575988666318,
                            27.575195861611004
                        ],
                        [
                            -82.35644241385141,
                            27.574977837621866
                        ],
                        [
                            -82.35725684817041,
                            27.574452889129894
                        ],
                        [
                            -82.35766406532959,
                            27.573938295689466
                        ],
                        [
                            -82.35840105031755,
                            27.573803706039875
                        ],
                        [
                            -82.35956174085558,
                            27.574133763050476
                        ],
                        [
                            -82.36042937702412,
                            27.57364623598596
                        ],
                        [
                            -82.35989648617544,
                            27.57008281658257
                        ],
                        [
                            -82.3594757189164,
                            27.568491576262467
                        ],
                        [
                            -82.36109951218988,
                            27.56859581896029
                        ],
                        [
                            -82.36174248636385,
                            27.56789864823547
                        ],
                        [
                            -82.36286132716799,
                            27.566977676864326
                        ],
                        [
                            -82.36400149277428,
                            27.566072619859483
                        ],
                        [
                            -82.36455681882562,
                            27.564492747333162
                        ],
                        [
                            -82.36556549703172,
                            27.563738426066664
                        ],
                        [
                            -82.36622964457706,
                            27.56103259124889
                        ],
                        [
                            -82.3673036959624,
                            27.56065902613338
                        ],
                        [
                            -82.36735546708205,
                            27.55981771224785
                        ],
                        [
                            -82.36385441299056,
                            27.5591268993374
                        ],
                        [
                            -82.36338248406926,
                            27.558309593943193
                        ],
                        [
                            -82.36288860496545,
                            27.557900938964536
                        ]
                    ]
                ],
                "type": "Polygon"
            },
            "id": 5
        },
        {
            "type": "Feature",
            "properties": {
                "neighborhood": "Silverleaf",
                "stroke": "#d2329f",
                "stroke-width": 2,
                "stroke-opacity": 1,
                "fill": "#d2329f",
                "fill-opacity": 0.5,
                "new_construction": false,
                "price_range": "mid $300s - $600s",
                "amenities": [
                    "resort-style pool",
                    "fitness center",
                    "clubhouse with catering kitchen",
                    "2 dog parks",
                    "playgrounds"
                ],
                "bedrooms": "2-5",
                "bathrooms": "2-4",
                "garage": "2-3 car",
                "home_size": "1,300 - 2,100 sq ft"
            },
            "geometry": {
                "coordinates": [
                    [
                        [
                            -82.4582550675378,
                            27.54251040388958
                        ],
                        [
                            -82.4573379134888,
                            27.542496522855032
                        ],
                        [
                            -82.45659660644093,
                            27.54254708386712
                        ],
                        [
                            -82.45581456823692,
                            27.542626536840757
                        ],
                        [
                            -82.4553746717465,
                            27.542742104698746
                        ],
                        [
                            -82.45480443555635,
                            27.542966017078726
                        ],
                        [
                            -82.45359064709329,
                            27.54360885976152
                        ],
                        [
                            -82.4513867526,
                            27.545265884997818
                        ],
                        [
                            -82.45191627089702,
                            27.546938123966278
                        ],
                        [
                            -82.44969206571697,
                            27.549037954485243
                        ],
                        [
                            -82.44724694563749,
                            27.549262444338652
                        ],
                        [
                            -82.44716415686467,
                            27.548774330262617
                        ],
                        [
                            -82.4468311360762,
                            27.548565928447488
                        ],
                        [
                            -82.44604095164023,
                            27.548609264064652
                        ],
                        [
                            -82.44611773921797,
                            27.556557611523402
                        ],
                        [
                            -82.44720241507814,
                            27.556033571750405
                        ],
                        [
                            -82.44742642478005,
                            27.55592818303461
                        ],
                        [
                            -82.44767140191978,
                            27.555940523865814
                        ],
                        [
                            -82.44813339961661,
                            27.556312197661327
                        ],
                        [
                            -82.4484740578113,
                            27.556239935361788
                        ],
                        [
                            -82.44907600164217,
                            27.55652873629515
                        ],
                        [
                            -82.449306177122,
                            27.556916514789968
                        ],
                        [
                            -82.45005354939734,
                            27.556535958375704
                        ],
                        [
                            -82.45706867570057,
                            27.55298099020756
                        ],
                        [
                            -82.45708154354102,
                            27.551305317875617
                        ],
                        [
                            -82.45814397823133,
                            27.551276510858457
                        ],
                        [
                            -82.4582550675378,
                            27.54251040388958
                        ]
                    ]
                ],
                "type": "Polygon"
            }
        },
        {
            "type": "Feature",
            "properties": {
                "neighborhood": "Woodland Preserve",
                "stroke": "#ff8800",
                "stroke-width": 2,
                "stroke-opacity": 1,
                "fill": "#ff8800",
                "fill-opacity": 0.5,
                "new_construction": true,
                "price_range": "mid $400Ks",
                "amenities": [
                    "state-of-the-art clubhouse",
                    "fitness center",
                    "eight pickleball courts",
                    "outdoor pool with lap lanes",
                    "sundeck",
                    "indoor and outdoor social spaces"
                ],
                "bedrooms": "2-5",
                "bathrooms": "2-4",
                "garage": "2-3 car",
                "home_size": "1,668 - 3,932 sq ft"
            },
            "geometry": {
                "coordinates": [
                    [
                        [
                            -82.39246984789263,
                            27.5615369126335
                        ],
                        [
                            -82.4023107293437,
                            27.561567889566064
                        ],
                        [
                            -82.40181787433406,
                            27.56093415694849
                        ],
                        [
                            -82.40124722189779,
                            27.560078951163064
                        ],
                        [
                            -82.4010190849884,
                            27.559022327097594
                        ],
                        [
                            -82.40071643683089,
                            27.557495933896462
                        ],
                        [
                            -82.39248280645435,
                            27.557438713465828
                        ],
                        [
                            -82.39246984789263,
                            27.5615369126335
                        ]
                    ]
                ],
                "type": "Polygon"
            },
            "id": 7
        },
        {
            "type": "Feature",
            "properties": {
                "neighborhood": "Gamble Creek Estates",
                "stroke": "#1100ff",
                "stroke-width": 2,
                "stroke-opacity": 1,
                "fill": "#1100ff",
                "fill-opacity": 0.5,
                "new_construction": false,
                "price_range": "$400,000 - $700,000",
                "amenities": [
                    "sports court",
                    "tot lot",
                    "open spaces",
                    "natural shell trails"
                ],
                "bedrooms": "3-4",
                "bathrooms": "2-3",
                "garage": "2 car",
                "home_size": "2,395 - 2,811 sq ft"
            },
            "geometry": {
                "coordinates": [
                    [
                        [
                            -82.41720063176145,
                            27.55758344624917
                        ],
                        [
                            -82.40718566882497,
                            27.55755288263593
                        ],
                        [
                            -82.40715119390995,
                            27.558378097217002
                        ],
                        [
                            -82.40711671899426,
                            27.559677033529468
                        ],
                        [
                            -82.40694434441723,
                            27.560364699527796
                        ],
                        [
                            -82.40697881933289,
                            27.561663612358913
                        ],
                        [
                            -82.4059790467848,
                            27.562947228662253
                        ],
                        [
                            -82.40899560188616,
                            27.564857344299483
                        ],
                        [
                            -82.40963338782159,
                            27.564207908562082
                        ],
                        [
                            -82.4104694045212,
                            27.564448581669005
                        ],
                        [
                            -82.41108133427018,
                            27.564582289745104
                        ],
                        [
                            -82.41152950817069,
                            27.5644294812857
                        ],
                        [
                            -82.41282231750004,
                            27.563283411424592
                        ],
                        [
                            -82.41077106003107,
                            27.562412390327268
                        ],
                        [
                            -82.41116752155872,
                            27.561938674197634
                        ],
                        [
                            -82.41196044461402,
                            27.561464956023187
                        ],
                        [
                            -82.4128050800422,
                            27.560960673139917
                        ],
                        [
                            -82.41390827733665,
                            27.560960673139917
                        ],
                        [
                            -82.41570097293935,
                            27.56045638794015
                        ],
                        [
                            -82.41720063176145,
                            27.560104915067285
                        ],
                        [
                            -82.41720063176145,
                            27.55758344624917
                        ]
                    ]
                ],
                "type": "Polygon"
            },
            "id": 8
        },
        {
            "type": "Feature",
            "properties": {
                "neighborhood": "Timberly",
                "stroke": "#898124",
                "stroke-width": 2,
                "stroke-opacity": 1,
                "fill": "#898124",
                "fill-opacity": 0.5,
                "new_construction": false,
                "price_range": null,
                "amenities": [
                    "community heated pool",
                    "basic cable & internet service",
                    "maintenance assisted landscaping"
                ],
                "bedrooms": null,
                "bathrooms": null,
                "garage": null,
                "home_size": null
            },
            "geometry": {
                "coordinates": [
                    [
                        [
                            -82.46931220937729,
                            27.543377940325527
                        ],
                        [
                            -82.46890140931369,
                            27.543702954349015
                        ],
                        [
                            -82.46845268924399,
                            27.543865461000593
                        ],
                        [
                            -82.46638559717867,
                            27.543869786659442
                        ],
                        [
                            -82.46640159177791,
                            27.545931835439305
                        ],
                        [
                            -82.46771451088233,
                            27.54596134971881
                        ],
                        [
                            -82.46787251090696,
                            27.546081826334103
                        ],
                        [
                            -82.4685361110095,
                            27.54686912375277
                        ],
                        [
                            -82.47127899137453,
                            27.545471035156723
                        ],
                        [
                            -82.47153811141503,
                            27.545014341493257
                        ],
                        [
                            -82.47151598679797,
                            27.54460522761299
                        ],
                        [
                            -82.47148438679334,
                            27.54409809740673
                        ],
                        [
                            -82.47146858679079,
                            27.543756273516266
                        ],
                        [
                            -82.47125165915774,
                            27.543692589681953
                        ],
                        [
                            -82.47106837912398,
                            27.543616939945267
                        ],
                        [
                            -82.47090961809066,
                            27.543522935178927
                        ],
                        [
                            -82.47084325808511,
                            27.543427672378144
                        ],
                        [
                            -82.4707814673147,
                            27.543227813419463
                        ],
                        [
                            -82.47081306731933,
                            27.542804732801358
                        ],
                        [
                            -82.46933734709063,
                            27.542824345846356
                        ],
                        [
                            -82.46931220937729,
                            27.543377940325527
                        ]
                    ]
                ],
                "type": "Polygon"
            }
        },
        {
            "type": "Feature",
            "properties": {
                "neighborhood": "Windwater",
                "stroke": "#5cfcff",
                "stroke-width": 2,
                "stroke-opacity": 1,
                "fill": "#5cfcff",
                "fill-opacity": 0.5,
                "new_construction": true,
                "price_range": "$400,000 - $800,000",
                "amenities": [
                    "swimming pool",
                    "sun deck",
                    "playground",
                    "dog park"
                ],
                "bedrooms": "3-5",
                "bathrooms": "2-4",
                "garage": "2-3 car",
                "home_size": "1,731 - 3,460 sq ft"
            },
            "geometry": {
                "coordinates": [
                    [
                        [
                            -82.41720466952052,
                            27.55758703835221
                        ],
                        [
                            -82.41719741582145,
                            27.56109124325765
                        ],
                        [
                            -82.4174647771594,
                            27.5610784313305
                        ],
                        [
                            -82.4178195273776,
                            27.561004001774563
                        ],
                        [
                            -82.41809411470386,
                            27.56062604897697
                        ],
                        [
                            -82.41818082648913,
                            27.56046910210246
                        ],
                        [
                            -82.41855940454465,
                            27.56034133042914
                        ],
                        [
                            -82.41877257101648,
                            27.560389375469796
                        ],
                        [
                            -82.41891709065838,
                            27.560501480485158
                        ],
                        [
                            -82.41898212449776,
                            27.560792952987384
                        ],
                        [
                            -82.41905799730979,
                            27.5610748157699
                        ],
                        [
                            -82.41919529471875,
                            27.56116129699579
                        ],
                        [
                            -82.41931823128375,
                            27.56167087617284
                        ],
                        [
                            -82.41931461829267,
                            27.56241396145961
                        ],
                        [
                            -82.419282101373,
                            27.562881590138957
                        ],
                        [
                            -82.42367806247387,
                            27.5629138213109
                        ],
                        [
                            -82.42367806247387,
                            27.562007388832214
                        ],
                        [
                            -82.42335289327929,
                            27.5620009829223
                        ],
                        [
                            -82.42333882981463,
                            27.559331164895156
                        ],
                        [
                            -82.42531874891097,
                            27.559331164895156
                        ],
                        [
                            -82.42530429466626,
                            27.557611120141615
                        ],
                        [
                            -82.41776860754108,
                            27.557538217814184
                        ],
                        [
                            -82.41720136794603,
                            27.557538217814184
                        ],
                        [
                            -82.41720466952052,
                            27.55758703835221
                        ]
                    ]
                ],
                "type": "Polygon"
            }
        },
        {
            "type": "Feature",
            "properties": {
                "neighborhood": "Summerwoods",
                "stroke": "#555555",
                "stroke-width": 2,
                "stroke-opacity": 1,
                "fill": "#555555",
                "fill-opacity": 0.5,
                "new_construction": true,
                "price_range": "$300,000 - $500,000",
                "amenities": [
                    "clubhouse",
                    "resort-style pool",
                    "playground",
                    "dog park",
                    "walking trails"
                ],
                "bedrooms": "3-5",
                "bathrooms": "2-3",
                "garage": "2 car",
                "home_size": "1,504 - 2,896 sq ft"
            },
            "geometry": {
                "coordinates": [
                    [
                        [
                            -82.4743001450966,
                            27.601139901348773
                        ],
                        [
                            -82.4743001365582,
                            27.595946994370735
                        ],
                        [
                            -82.46960655555411,
                            27.595953493780115
                        ],
                        [
                            -82.46739177201788,
                            27.595245055894708
                        ],
                        [
                            -82.46644384716359,
                            27.59374913020025
                        ],
                        [
                            -82.46614984525624,
                            27.590257803381377
                        ],
                        [
                            -82.45692399901299,
                            27.590219253561727
                        ],
                        [
                            -82.45534357246237,
                            27.589900759509774
                        ],
                        [
                            -82.4533652964957,
                            27.589377524596586
                        ],
                        [
                            -82.45232573672953,
                            27.58915328029734
                        ],
                        [
                            -82.44430121668523,
                            27.589115520135778
                        ],
                        [
                            -82.4441178736777,
                            27.5906494656368
                        ],
                        [
                            -82.44365584929726,
                            27.590688463971745
                        ],
                        [
                            -82.44270589626979,
                            27.59136730883516
                        ],
                        [
                            -82.43994108370978,
                            27.591347809791145
                        ],
                        [
                            -82.43994108370978,
                            27.592849226098593
                        ],
                        [
                            -82.44006575695495,
                            27.59302471497446
                        ],
                        [
                            -82.44004515516478,
                            27.593830255255142
                        ],
                        [
                            -82.44847589895811,
                            27.59393972101327
                        ],
                        [
                            -82.45030932903796,
                            27.59402421485227
                        ],
                        [
                            -82.45040466740218,
                            27.594069711507814
                        ],
                        [
                            -82.45124071151864,
                            27.59412820717914
                        ],
                        [
                            -82.45261211721807,
                            27.594394687066966
                        ],
                        [
                            -82.45340415901285,
                            27.59465466682201
                        ],
                        [
                            -82.4542768719939,
                            27.595012138042676
                        ],
                        [
                            -82.46134659398399,
                            27.598762276599516
                        ],
                        [
                            -82.46481597072474,
                            27.600541825844772
                        ],
                        [
                            -82.46531771189103,
                            27.600730701915083
                        ],
                        [
                            -82.46566675071746,
                            27.600835387245624
                        ],
                        [
                            -82.46640012281628,
                            27.60100436429653
                        ],
                        [
                            -82.46686948091707,
                            27.60107585447868
                        ],
                        [
                            -82.4674858452439,
                            27.601127914711228
                        ],
                        [
                            -82.4743001450966,
                            27.601139901348773
                        ]
                    ]
                ],
                "type": "Polygon"
            }
        },
        {
            "type": "Feature",
            "properties": {
                "neighborhood": "Southern Oaks",
                "stroke": "#ff0000",
                "stroke-width": 2,
                "stroke-opacity": 1,
                "fill": "#ff0000",
                "fill-opacity": 0.5,
                "new_construction": false,
                "price_range": null,
                "amenities": null,
                "bedrooms": null,
                "bathrooms": null,
                "garage": null,
                "home_size": null
            },
            "geometry": {
                "coordinates": [
                    [
                        [
                            -82.36919460864699,
                            27.539079263455974
                        ],
                        [
                            -82.37193044913822,
                            27.5390537414837
                        ],
                        [
                            -82.37193233464437,
                            27.54001407366023
                        ],
                        [
                            -82.37367501294679,
                            27.540022847095173
                        ],
                        [
                            -82.37435437666998,
                            27.539772266928395
                        ],
                        [
                            -82.37468074289718,
                            27.539507751496316
                        ],
                        [
                            -82.37497787243036,
                            27.5392043501364
                        ],
                        [
                            -82.37551384279884,
                            27.53933349042599
                        ],
                        [
                            -82.37600358329226,
                            27.539420340368295
                        ],
                        [
                            -82.37616421337424,
                            27.539103403248447
                        ],
                        [
                            -82.37611889391233,
                            27.53789106237035
                        ],
                        [
                            -82.37645915275336,
                            27.53623633963646
                        ],
                        [
                            -82.37585666114421,
                            27.535588021376412
                        ],
                        [
                            -82.37149422372387,
                            27.5354924763824
                        ],
                        [
                            -82.37120026876437,
                            27.535795258164924
                        ],
                        [
                            -82.37108475805466,
                            27.53701994548517
                        ],
                        [
                            -82.36905121541392,
                            27.53703643184086
                        ],
                        [
                            -82.36919460864699,
                            27.539079263455974
                        ]
                    ]
                ],
                "type": "Polygon"
            }
        },
        {
            "type": "Feature",
            "properties": {
                "neighborhood": "Twin Rivers",
                "stroke": "#00a81c",
                "stroke-width": 2,
                "stroke-opacity": 1,
                "fill": "#00b32d",
                "fill-opacity": 0.5,
                "new_construction": false,
                "price_range": "$500,000 - $1,200,000",
                "amenities": [
                    "playground",
                    "basketball court",
                    "soccer field",
                    "hiking trails",
                    "river house",
                    "boat ramp"
                ],
                "bedrooms": "3-5",
                "bathrooms": "2-4",
                "garage": "2-3 car",
                "home_size": "2,000 - 4,000 sq ft"
            },
            "geometry": {
                "coordinates": [
                    [
                        [
                            -82.37592926975042,
                            27.55178313231424
                        ],
                        [
                            -82.38084158120502,
                            27.55212155525335
                        ],
                        [
                            -82.38634531157837,
                            27.55252238854453
                        ],
                        [
                            -82.38703741237408,
                            27.552672381305015
                        ],
                        [
                            -82.39150306970686,
                            27.55408859206659
                        ],
                        [
                            -82.39082114071057,
                            27.553139013620694
                        ],
                        [
                            -82.39061617044105,
                            27.552613282797424
                        ],
                        [
                            -82.39064631216858,
                            27.55224638520626
                        ],
                        [
                            -82.39027588814487,
                            27.5513955394102
                        ],
                        [
                            -82.39017416354608,
                            27.55069359674478
                        ],
                        [
                            -82.39071359331896,
                            27.55024952339099
                        ],
                        [
                            -82.39161535923238,
                            27.549842848122438
                        ],
                        [
                            -82.3990106494906,
                            27.549937803797505
                        ],
                        [
                            -82.39937722623216,
                            27.54787812726002
                        ],
                        [
                            -82.39937249635203,
                            27.546281798323733
                        ],
                        [
                            -82.39853837721462,
                            27.545415530636106
                        ],
                        [
                            -82.39747952610361,
                            27.545524136387797
                        ],
                        [
                            -82.397205957393,
                            27.54496470923317
                        ],
                        [
                            -82.39724128388082,
                            27.543864640394844
                        ],
                        [
                            -82.3970090295081,
                            27.543273731493542
                        ],
                        [
                            -82.39703687183058,
                            27.542575706523223
                        ],
                        [
                            -82.39583407759181,
                            27.540462005448873
                        ],
                        [
                            -82.3953740915207,
                            27.539118526850665
                        ],
                        [
                            -82.39510430693315,
                            27.53786704101141
                        ],
                        [
                            -82.39582380576931,
                            27.53714466541303
                        ],
                        [
                            -82.3962839389487,
                            27.53617697481036
                        ],
                        [
                            -82.39605228324068,
                            27.535764492553497
                        ],
                        [
                            -82.39561313500643,
                            27.535566663174848
                        ],
                        [
                            -82.39372139350442,
                            27.535484836185503
                        ],
                        [
                            -82.39379829363536,
                            27.53457109724276
                        ],
                        [
                            -82.39323763953345,
                            27.53288448423332
                        ],
                        [
                            -82.39443728048553,
                            27.53258444432082
                        ],
                        [
                            -82.39627681309325,
                            27.53127559111165
                        ],
                        [
                            -82.3971073337528,
                            27.53068914011635
                        ],
                        [
                            -82.39882989511999,
                            27.530129962996682
                        ],
                        [
                            -82.40024485624268,
                            27.52974808430571
                        ],
                        [
                            -82.40155215728035,
                            27.52906615477069
                        ],
                        [
                            -82.40235192018092,
                            27.526829396806207
                        ],
                        [
                            -82.40213660001032,
                            27.525192715363474
                        ],
                        [
                            -82.39663727316514,
                            27.52248968038701
                        ],
                        [
                            -82.39588136246117,
                            27.521812610737143
                        ],
                        [
                            -82.39497426961593,
                            27.521725462854974
                        ],
                        [
                            -82.39384796263619,
                            27.521966795288236
                        ],
                        [
                            -82.39256291443928,
                            27.522147794259325
                        ],
                        [
                            -82.39021959125702,
                            27.522523198585077
                        ],
                        [
                            -82.38842808288842,
                            27.52274441839039
                        ],
                        [
                            -82.38755252239207,
                            27.523668412578616
                        ],
                        [
                            -82.38814705684122,
                            27.526415290364156
                        ],
                        [
                            -82.38779065135788,
                            27.52799877933917
                        ],
                        [
                            -82.38761396166554,
                            27.53040665609005
                        ],
                        [
                            -82.38773479267232,
                            27.531703420489038
                        ],
                        [
                            -82.38745805818628,
                            27.533191874643336
                        ],
                        [
                            -82.38656624857896,
                            27.533068769930622
                        ],
                        [
                            -82.38572066252091,
                            27.53307996117759
                        ],
                        [
                            -82.3848119730423,
                            27.533292596048298
                        ],
                        [
                            -82.38248976656436,
                            27.53175937759464
                        ],
                        [
                            -82.37919618919115,
                            27.530690282044745
                        ],
                        [
                            -82.3774036104796,
                            27.530810485259863
                        ],
                        [
                            -82.37577765377858,
                            27.53134313738279
                        ],
                        [
                            -82.37517988455754,
                            27.53219616123028
                        ],
                        [
                            -82.37503168247686,
                            27.533263844967678
                        ],
                        [
                            -82.37535095868402,
                            27.53468872528805
                        ],
                        [
                            -82.37584744120426,
                            27.53557613593405
                        ],
                        [
                            -82.37645650957849,
                            27.536235590817
                        ],
                        [
                            -82.37612122731014,
                            27.537902471798105
                        ],
                        [
                            -82.37616416533078,
                            27.53910177243469
                        ],
                        [
                            -82.37559329606742,
                            27.540263471038358
                        ],
                        [
                            -82.37520434919489,
                            27.543460324872825
                        ],
                        [
                            -82.3744275900804,
                            27.55171885877668
                        ],
                        [
                            -82.37592926975042,
                            27.55178313231424
                        ]
                    ]
                ],
                "type": "Polygon"
            },
            "id": 13
        },
        {
            "type": "Feature",
            "properties": {
                "neighborhood": "The Islands on the Manatee River",
                "stroke": "#555555",
                "stroke-width": 2,
                "stroke-opacity": 1,
                "fill": "#555555",
                "fill-opacity": 0.5,
                "new_construction": false,
                "price_range": "$1M - $3M",
                "amenities": [
                    "golf course",
                    "clubhouse",
                    "fitness center",
                    "pool",
                    "tennis courts",
                    "boat dock",
                    "walking trails"
                ],
                "bedrooms": "3-5",
                "bathrooms": "3-5",
                "garage": "3-4 car",
                "home_size": "3,000 - 6,000 sq ft"
            },
            "geometry": {
                "coordinates": [
                    [
                        [
                            -82.42814477709784,
                            27.52974242938535
                        ],
                        [
                            -82.44197222740976,
                            27.529870824567368
                        ],
                        [
                            -82.44828869307713,
                            27.526644841180968
                        ],
                        [
                            -82.44926602587418,
                            27.525457141863697
                        ],
                        [
                            -82.44962800098376,
                            27.52447808277921
                        ],
                        [
                            -82.44967679997852,
                            27.523247707853542
                        ],
                        [
                            -82.4493777759668,
                            27.52303430729809
                        ],
                        [
                            -82.44871031550666,
                            27.523039883726682
                        ],
                        [
                            -82.44832069435144,
                            27.52287085271516
                        ],
                        [
                            -82.44867303814176,
                            27.522730882238385
                        ],
                        [
                            -82.44845838548883,
                            27.52264010138377
                        ],
                        [
                            -82.44838232512645,
                            27.522490732584924
                        ],
                        [
                            -82.44885341913198,
                            27.522299772237353
                        ],
                        [
                            -82.4479531702442,
                            27.522291507494472
                        ],
                        [
                            -82.44622437331414,
                            27.521964374621515
                        ],
                        [
                            -82.44558071620256,
                            27.521434883808737
                        ],
                        [
                            -82.44495670347881,
                            27.521339115660247
                        ],
                        [
                            -82.44436330344197,
                            27.521513054356728
                        ],
                        [
                            -82.44414509497182,
                            27.521673129140936
                        ],
                        [
                            -82.44182195370875,
                            27.52304878447916
                        ],
                        [
                            -82.44115386531992,
                            27.5232990307563
                        ],
                        [
                            -82.43974114537174,
                            27.523417221365865
                        ],
                        [
                            -82.43916766574439,
                            27.5233931344357
                        ],
                        [
                            -82.43859562401025,
                            27.52317313634587
                        ],
                        [
                            -82.43838314086068,
                            27.523161093766845
                        ],
                        [
                            -82.438159477141,
                            27.523276066536837
                        ],
                        [
                            -82.43804524429564,
                            27.52360592606263
                        ],
                        [
                            -82.43809843058513,
                            27.524567608341755
                        ],
                        [
                            -82.43796869391004,
                            27.524708789248947
                        ],
                        [
                            -82.4377787617173,
                            27.524689266016416
                        ],
                        [
                            -82.43741006864566,
                            27.524395959413862
                        ],
                        [
                            -82.43728051990281,
                            27.524114734461513
                        ],
                        [
                            -82.43741807584203,
                            27.52391431234118
                        ],
                        [
                            -82.43779034927856,
                            27.523601027753237
                        ],
                        [
                            -82.43687631492993,
                            27.52356400607159
                        ],
                        [
                            -82.43673122365226,
                            27.523358588035727
                        ],
                        [
                            -82.43689473004282,
                            27.522796085381028
                        ],
                        [
                            -82.43574142529685,
                            27.52302696179308
                        ],
                        [
                            -82.43478118837584,
                            27.523133054599555
                        ],
                        [
                            -82.43418345992893,
                            27.523216718473805
                        ],
                        [
                            -82.43380758282488,
                            27.523487990782506
                        ],
                        [
                            -82.43349914915767,
                            27.523834025922667
                        ],
                        [
                            -82.43307889729711,
                            27.524173825813435
                        ],
                        [
                            -82.43298743219187,
                            27.52442391128315
                        ],
                        [
                            -82.43264803773508,
                            27.524802292938674
                        ],
                        [
                            -82.43239913705494,
                            27.524947515371593
                        ],
                        [
                            -82.43221567370767,
                            27.524993960005567
                        ],
                        [
                            -82.43183730742649,
                            27.525185396348927
                        ],
                        [
                            -82.43167813231538,
                            27.525219833123984
                        ],
                        [
                            -82.4314444386565,
                            27.5256397746832
                        ],
                        [
                            -82.43152267089422,
                            27.526093358853743
                        ],
                        [
                            -82.4304024904815,
                            27.52659135200014
                        ],
                        [
                            -82.43024110625984,
                            27.52662619621593
                        ],
                        [
                            -82.42997855688321,
                            27.526664778472764
                        ],
                        [
                            -82.42932502742013,
                            27.526578150632616
                        ],
                        [
                            -82.42814477709784,
                            27.52974242938535
                        ]
                    ]
                ],
                "type": "Polygon"
            }
        },
        {
            "type": "Feature",
            "properties": {
                "neighborhood": "Seaire",
                "stroke": "#9f25c1",
                "stroke-width": 2,
                "stroke-opacity": 1,
                "fill": "#9f25c1",
                "fill-opacity": 0.5,
                "new_construction": true,
                "price_range": "$300,000 - $600,000",
                "amenities": [
                    "giant lagoon-style pool",
                    "year-round events",
                    "dog park"
                ],
                "bedrooms": "3-5",
                "bathrooms": "2-4",
                "garage": "2 car",
                "home_size": "1,500 - 3,000 sq ft"
            },
            "geometry": {
                "coordinates": [
                    [
                        [
                            -82.45972377856891,
                            27.578954853382044
                        ],
                        [
                            -82.45973582976814,
                            27.5790571562938
                        ],
                        [
                            -82.45986552145125,
                            27.579124701421623
                        ],
                        [
                            -82.46005824187645,
                            27.57923198570719
                        ],
                        [
                            -82.46024761525301,
                            27.57940484521447
                        ],
                        [
                            -82.46033618214548,
                            27.579535066720116
                        ],
                        [
                            -82.46041136084453,
                            27.579712091727394
                        ],
                        [
                            -82.46128324654606,
                            27.582652097414865
                        ],
                        [
                            -82.46110555670441,
                            27.58267206076654
                        ],
                        [
                            -82.46184031217642,
                            27.584859974912504
                        ],
                        [
                            -82.45701844860842,
                            27.585106570946806
                        ],
                        [
                            -82.45215737154537,
                            27.585346215724414
                        ],
                        [
                            -82.45232564571293,
                            27.5891592928582
                        ],
                        [
                            -82.45335179511238,
                            27.589377108228774
                        ],
                        [
                            -82.4554367126991,
                            27.589921198172405
                        ],
                        [
                            -82.45692752486913,
                            27.590219551540073
                        ],
                        [
                            -82.45918778544836,
                            27.590219551540073
                        ],
                        [
                            -82.46616092978944,
                            27.59026217344146
                        ],
                        [
                            -82.4664494736933,
                            27.59375711294308
                        ],
                        [
                            -82.46741128670597,
                            27.595248821487246
                        ],
                        [
                            -82.46959267439125,
                            27.595949491917253
                        ],
                        [
                            -82.47430555860669,
                            27.5959494912414
                        ],
                        [
                            -82.47430555860669,
                            27.60114896908196
                        ],
                        [
                            -82.49017547331366,
                            27.60114896908196
                        ],
                        [
                            -82.49024934923668,
                            27.598543094200622
                        ],
                        [
                            -82.49082643535435,
                            27.59568760439221
                        ],
                        [
                            -82.48996080364326,
                            27.594451623702753
                        ],
                        [
                            -82.48827763004003,
                            27.59415328094758
                        ],
                        [
                            -82.4869310918225,
                            27.593556594002862
                        ],
                        [
                            -82.48433419668888,
                            27.593258249312157
                        ],
                        [
                            -82.48313193042281,
                            27.591723892365863
                        ],
                        [
                            -82.48192966415724,
                            27.590019026129625
                        ],
                        [
                            -82.47903824935892,
                            27.58891084886008
                        ],
                        [
                            -82.47483399226316,
                            27.58882712562938
                        ],
                        [
                            -82.4746620296538,
                            27.586463201495853
                        ],
                        [
                            -82.47472012361821,
                            27.586178270642762
                        ],
                        [
                            -82.47468384432882,
                            27.584846475978186
                        ],
                        [
                            -82.47470345107648,
                            27.58084137388166
                        ],
                        [
                            -82.47482893425963,
                            27.572803359840208
                        ],
                        [
                            -82.46868279687864,
                            27.575555232783863
                        ],
                        [
                            -82.46474045790228,
                            27.577354699335714
                        ],
                        [
                            -82.46349600736404,
                            27.577906332899836
                        ],
                        [
                            -82.46293387163422,
                            27.578110384729456
                        ],
                        [
                            -82.45972377856891,
                            27.578954853382044
                        ]
                    ]
                ],
                "type": "Polygon"
            }
        },
        {
            "type": "Feature",
            "properties": {
                "neighborhood": "Crosswind",
                "stroke": "#ac2a6f",
                "stroke-width": 2,
                "stroke-opacity": 1,
                "fill": "#ac2a6f",
                "fill-opacity": 0.5,
                "new_construction": true,
                "price_range": "$300,000 - $600,000",
                "amenities": [
                    "resort-style pool with cabana",
                    "playgrounds",
                    "parks",
                    "walking trails",
                    "amenity center with pickleball courts",
                    "dog park"
                ],
                "bedrooms": "3-5",
                "bathrooms": "2-3",
                "garage": "2-3 car",
                "home_size": "1,500 - 4,900 sq ft"
            },
            "geometry": {
                "coordinates": [
                    [
                        [
                            -82.42175344739347,
                            27.583369728883966
                        ],
                        [
                            -82.4213760650641,
                            27.582893353903273
                        ],
                        [
                            -82.42128812919785,
                            27.58127216413523
                        ],
                        [
                            -82.42012737568793,
                            27.581428048710592
                        ],
                        [
                            -82.41974718952262,
                            27.580975982498714
                        ],
                        [
                            -82.41965925365636,
                            27.58057068021823
                        ],
                        [
                            -82.41874472064627,
                            27.580165376440178
                        ],
                        [
                            -82.41686289310658,
                            27.580134199164178
                        ],
                        [
                            -82.41682771829971,
                            27.57988478027974
                        ],
                        [
                            -82.41334594091441,
                            27.57977565940635
                        ],
                        [
                            -82.41302937179545,
                            27.578902689234283
                        ],
                        [
                            -82.40901023252194,
                            27.57894166126536
                        ],
                        [
                            -82.40908318626037,
                            27.586987510942635
                        ],
                        [
                            -82.40499135799953,
                            27.58694587642634
                        ],
                        [
                            -82.40089952973868,
                            27.586909152826465
                        ],
                        [
                            -82.40082387354768,
                            27.589260967727796
                        ],
                        [
                            -82.40089421983268,
                            27.593937071899347
                        ],
                        [
                            -82.3987607683581,
                            27.59396824559819
                        ],
                        [
                            -82.39751501272168,
                            27.593835320313246
                        ],
                        [
                            -82.39753255758605,
                            27.597687565928368
                        ],
                        [
                            -82.41428518631945,
                            27.600367033708224
                        ],
                        [
                            -82.4159897547734,
                            27.598278413018278
                        ],
                        [
                            -82.41384928133556,
                            27.593924728154192
                        ],
                        [
                            -82.41181407708319,
                            27.591810018830017
                        ],
                        [
                            -82.41002450051603,
                            27.590379457101363
                        ],
                        [
                            -82.40870084680188,
                            27.58984467511054
                        ],
                        [
                            -82.4091443221627,
                            27.588765447733195
                        ],
                        [
                            -82.40916131732844,
                            27.587008080255558
                        ],
                        [
                            -82.40973275896795,
                            27.587010046553164
                        ],
                        [
                            -82.41326578418554,
                            27.587388338998913
                        ],
                        [
                            -82.4171261061598,
                            27.58780152607524
                        ],
                        [
                            -82.4212003389457,
                            27.587817466433762
                        ],
                        [
                            -82.42300583759142,
                            27.587528157069002
                        ],
                        [
                            -82.42132534772479,
                            27.585932695407706
                        ],
                        [
                            -82.4217329910599,
                            27.585424170020787
                        ],
                        [
                            -82.42175344739347,
                            27.583369728883966
                        ]
                    ]
                ],
                "type": "Polygon"
            }
        },
        {
            "type": "Feature",
            "properties": {
                "neighborhood": "Rye Ranch",
                "stroke": "#ffa200",
                "stroke-width": 2,
                "stroke-opacity": 1,
                "fill": "#ffa200",
                "fill-opacity": 0.5,
                "new_construction": false,
                "price_range": null,
                "amenities": null,
                "bedrooms": null,
                "bathrooms": null,
                "garage": null,
                "home_size": null
            },
            "geometry": {
                "coordinates": [
                    [
                        [
                            -82.36671725666608,
                            27.522671032003288
                        ],
                        [
                            -82.36473567952949,
                            27.52304785832419
                        ],
                        [
                            -82.3629965221996,
                            27.52351346564511
                        ],
                        [
                            -82.35961496618903,
                            27.524008470228537
                        ],
                        [
                            -82.35409839146986,
                            27.527441068069137
                        ],
                        [
                            -82.3506858116907,
                            27.53384278474688
                        ],
                        [
                            -82.34987097357006,
                            27.537915596841586
                        ],
                        [
                            -82.34920846732197,
                            27.540517313114165
                        ],
                        [
                            -82.35496238074495,
                            27.546099200479013
                        ],
                        [
                            -82.360498331523,
                            27.55174118594809
                        ],
                        [
                            -82.36227668417224,
                            27.553446531642024
                        ],
                        [
                            -82.36317058200679,
                            27.554254204563392
                        ],
                        [
                            -82.36406447984133,
                            27.555007672570994
                        ],
                        [
                            -82.36466275220488,
                            27.555418185684474
                        ],
                        [
                            -82.36876453776532,
                            27.55445630863774
                        ],
                        [
                            -82.36942830568384,
                            27.545975042166475
                        ],
                        [
                            -82.36943993495193,
                            27.545161669634474
                        ],
                        [
                            -82.36938178861195,
                            27.54413176485386
                        ],
                        [
                            -82.36902987369736,
                            27.53903167206453
                        ],
                        [
                            -82.36885391624007,
                            27.536512562238844
                        ],
                        [
                            -82.36865470024703,
                            27.533880022584327
                        ],
                        [
                            -82.36831285461467,
                            27.52893147012709
                        ],
                        [
                            -82.36828660848681,
                            27.52863164141779
                        ],
                        [
                            -82.3675419698549,
                            27.52573613176243
                        ],
                        [
                            -82.36682424543856,
                            27.523026804272746
                        ],
                        [
                            -82.36671725666608,
                            27.522671032003288
                        ]
                    ]
                ],
                "type": "Polygon"
            },
            "id": 17
        },
        {
            "type": "Feature",
            "properties": {
                "neighborhood": "Salt Meadows",
                "stroke": "#39c690",
                "stroke-width": 2,
                "stroke-opacity": 1,
                "fill": "#39c690",
                "fill-opacity": 0.5,
                "new_construction": true,
                "price_range": "$300,000 - $500,000",
                "amenities": [
                    "clubhouse",
                    "pool",
                    "fitness center",
                    "dog park",
                    "playground",
                    "walking trails"
                ],
                "bedrooms": "3-5",
                "bathrooms": "2-3",
                "garage": "2 car",
                "home_size": "1,500 - 3,000 sq ft"
            },
            "geometry": {
                "coordinates": [
                    [
                        [
                            -82.3954397873871,
                            27.587368512151656
                        ],
                        [
                            -82.39612134393234,
                            27.587107620737356
                        ],
                        [
                            -82.39668977811759,
                            27.586944093100428
                        ],
                        [
                            -82.39762825928972,
                            27.586798663308613
                        ],
                        [
                            -82.39843341395077,
                            27.58677851744409
                        ],
                        [
                            -82.40371815488831,
                            27.58684877688028
                        ],
                        [
                            -82.4090749273207,
                            27.586904303513165
                        ],
                        [
                            -82.4089901424342,
                            27.575803493189326
                        ],
                        [
                            -82.39543918077165,
                            27.575912996382627
                        ],
                        [
                            -82.3954397873871,
                            27.587368512151656
                        ]
                    ]
                ],
                "type": "Polygon"
            }
        },
        {
            "type": "Feature",
            "properties": {
                "neighborhood": "River's Reach",
                "stroke": "#68a2cf",
                "stroke-width": 2,
                "stroke-opacity": 1,
                "fill": "#68a2cf",
                "fill-opacity": 0.5,
                "new_construction": false,
                "price_range": null,
                "amenities": [
                    "gated community",
                    "resort-style pool",
                    "fitness center",
                    "clubhouse",
                    "walking trails",
                    "kayak launch"
                ],
                "bedrooms": "3-5",
                "bathrooms": "2-4",
                "garage": "2-3 car",
                "home_size": "2,000 - 4,000 sq ft"
            },
            "geometry": {
                "coordinates": [
                    [
                        [
                            -82.36776108003323,
                            27.52612781630056
                        ],
                        [
                            -82.36838416253532,
                            27.52862255608092
                        ],
                        [
                            -82.36844644653969,
                            27.529024245455986
                        ],
                        [
                            -82.37473028816079,
                            27.527172391245614
                        ],
                        [
                            -82.37541447631334,
                            27.527203479474494
                        ],
                        [
                            -82.37681925615182,
                            27.52713430140932
                        ],
                        [
                            -82.37878286075214,
                            27.526254852338184
                        ],
                        [
                            -82.38008063908812,
                            27.52472280011493
                        ],
                        [
                            -82.37693618603403,
                            27.521951022519232
                        ],
                        [
                            -82.37646509692165,
                            27.521786425619908
                        ],
                        [
                            -82.37603496476262,
                            27.521532617967452
                        ],
                        [
                            -82.37556753716862,
                            27.52109071013669
                        ],
                        [
                            -82.37518494799835,
                            27.52069823988942
                        ],
                        [
                            -82.37510284379684,
                            27.52052239133673
                        ],
                        [
                            -82.37506671449376,
                            27.520298974719253
                        ],
                        [
                            -82.3751214659732,
                            27.52003214844997
                        ],
                        [
                            -82.37529881718073,
                            27.519751731243645
                        ],
                        [
                            -82.37537178792815,
                            27.51959316624665
                        ],
                        [
                            -82.3758278828278,
                            27.519240929546314
                        ],
                        [
                            -82.37598466792795,
                            27.519093831031498
                        ],
                        [
                            -82.37603800950771,
                            27.518861788388264
                        ],
                        [
                            -82.37602458077414,
                            27.518429664876408
                        ],
                        [
                            -82.37586173362224,
                            27.517837845214302
                        ],
                        [
                            -82.37603456506686,
                            27.51739930161078
                        ],
                        [
                            -82.37644352866262,
                            27.517282152442895
                        ],
                        [
                            -82.37658047411139,
                            27.517215970577055
                        ],
                        [
                            -82.37661120926332,
                            27.51707722613672
                        ],
                        [
                            -82.37635460130208,
                            27.51696226645484
                        ],
                        [
                            -82.37558153134549,
                            27.517340113321374
                        ],
                        [
                            -82.37533717271738,
                            27.51740196295427
                        ],
                        [
                            -82.37521625464669,
                            27.517484888504377
                        ],
                        [
                            -82.37512766816565,
                            27.517589579122074
                        ],
                        [
                            -82.37499404316229,
                            27.51763605320035
                        ],
                        [
                            -82.37461138745944,
                            27.517903385018002
                        ],
                        [
                            -82.3741454236894,
                            27.518362237766013
                        ],
                        [
                            -82.37395518134794,
                            27.518388306296004
                        ],
                        [
                            -82.37385688880227,
                            27.518448352674824
                        ],
                        [
                            -82.37360666633062,
                            27.51839176065944
                        ],
                        [
                            -82.37331519409587,
                            27.51833501757596
                        ],
                        [
                            -82.37316930903852,
                            27.518261285574816
                        ],
                        [
                            -82.37298481368578,
                            27.518045865787187
                        ],
                        [
                            -82.37281502585013,
                            27.51782987850793
                        ],
                        [
                            -82.37277550022571,
                            27.517586708803684
                        ],
                        [
                            -82.37280372373999,
                            27.51727026011484
                        ],
                        [
                            -82.37268640268613,
                            27.516710410662505
                        ],
                        [
                            -82.37248862556048,
                            27.516415592511706
                        ],
                        [
                            -82.37246705828578,
                            27.516159536783718
                        ],
                        [
                            -82.3723530849361,
                            27.51603624145922
                        ],
                        [
                            -82.37212634007332,
                            27.516028982380384
                        ],
                        [
                            -82.37187478264785,
                            27.516165486727985
                        ],
                        [
                            -82.37168190969723,
                            27.516249463202996
                        ],
                        [
                            -82.37152059923562,
                            27.516158488688262
                        ],
                        [
                            -82.37123180895021,
                            27.515918373573186
                        ],
                        [
                            -82.37078806535044,
                            27.515674319515234
                        ],
                        [
                            -82.37062838415616,
                            27.515500246165757
                        ],
                        [
                            -82.37028081360408,
                            27.5149999815266
                        ],
                        [
                            -82.37015533038328,
                            27.514944520706837
                        ],
                        [
                            -82.37007719089692,
                            27.515029022198966
                        ],
                        [
                            -82.3698814588134,
                            27.515268006079765
                        ],
                        [
                            -82.36957126480823,
                            27.51558221153219
                        ],
                        [
                            -82.36920637953645,
                            27.515553695075226
                        ],
                        [
                            -82.36880993177508,
                            27.515469193975022
                        ],
                        [
                            -82.36851024804584,
                            27.515237562612846
                        ],
                        [
                            -82.3679975175128,
                            27.51501292947127
                        ],
                        [
                            -82.36760035091017,
                            27.514795158629415
                        ],
                        [
                            -82.3674477936004,
                            27.514598382158532
                        ],
                        [
                            -82.36745830387596,
                            27.51440077712715
                        ],
                        [
                            -82.36774132799867,
                            27.51418270066233
                        ],
                        [
                            -82.36774818033943,
                            27.514069597038215
                        ],
                        [
                            -82.36760733110683,
                            27.513918442186863
                        ],
                        [
                            -82.36727899191719,
                            27.51378932996124
                        ],
                        [
                            -82.36680073090244,
                            27.513912407335923
                        ],
                        [
                            -82.36620378024922,
                            27.516586293784457
                        ],
                        [
                            -82.36607904230283,
                            27.517201932999626
                        ],
                        [
                            -82.36597943563247,
                            27.518018166180582
                        ],
                        [
                            -82.36595803191364,
                            27.519936466733768
                        ],
                        [
                            -82.36599849540676,
                            27.52020439552723
                        ],
                        [
                            -82.36647973355346,
                            27.5215483680075
                        ],
                        [
                            -82.3669044263278,
                            27.522914627834894
                        ],
                        [
                            -82.36776108003323,
                            27.52612781630056
                        ]
                    ]
                ],
                "type": "Polygon"
            }
        },
        {
            "type": "Feature",
            "properties": {
                "neighborhood": "Rye Crossing",
                "stroke": "#19f0ed",
                "stroke-width": 2,
                "stroke-opacity": 1,
                "fill": "#19f0ed",
                "fill-opacity": 0.5,
                "new_construction": false,
                "price_range": null,
                "amenities": null,
                "bedrooms": null,
                "bathrooms": null,
                "garage": null,
                "home_size": null
            },
            "geometry": {
                "coordinates": [
                    [
                        [
                            -82.36596872668562,
                            27.51739599882724
                        ],
                        [
                            -82.36611566974726,
                            27.516550457668828
                        ],
                        [
                            -82.36622528199662,
                            27.516089978379377
                        ],
                        [
                            -82.3663136349998,
                            27.515621957386756
                        ],
                        [
                            -82.36064541550932,
                            27.51489881864022
                        ],
                        [
                            -82.35997513458025,
                            27.519209029011044
                        ],
                        [
                            -82.35985015614412,
                            27.520768327574842
                        ],
                        [
                            -82.35986376879976,
                            27.522592134862762
                        ],
                        [
                            -82.36014708798584,
                            27.52292590034621
                        ],
                        [
                            -82.36056535993781,
                            27.523107421174515
                        ],
                        [
                            -82.36135166162018,
                            27.523095188626307
                        ],
                        [
                            -82.36206006294593,
                            27.522881984517483
                        ],
                        [
                            -82.36253098796013,
                            27.52257250392691
                        ],
                        [
                            -82.36272379906858,
                            27.52223651308759
                        ],
                        [
                            -82.36287166620569,
                            27.521522563109457
                        ],
                        [
                            -82.3628552365237,
                            27.519825091998314
                        ],
                        [
                            -82.362970244604,
                            27.519635672843492
                        ],
                        [
                            -82.36334379725038,
                            27.51935867044861
                        ],
                        [
                            -82.36397149857869,
                            27.519322877771046
                        ],
                        [
                            -82.36480348979921,
                            27.519302996953655
                        ],
                        [
                            -82.365857096904,
                            27.51929637002459
                        ],
                        [
                            -82.36588740069932,
                            27.518101081629062
                        ],
                        [
                            -82.36596872668562,
                            27.51739599882724
                        ]
                    ]
                ],
                "type": "Polygon"
            }
        },
        {
            "type": "Feature",
            "properties": {
                "neighborhood": "Cross Creek",
                "stroke": "#ebee2b",
                "stroke-width": 2,
                "stroke-opacity": 1,
                "fill": "#ebee2b",
                "fill-opacity": 0.5,
                "new_construction": true,
                "price_range": "$300,000 - $500,000",
                "amenities": [
                    "lagoon-style pool with slide",
                    "splash pad",
                    "lakeside trails"
                ],
                "bedrooms": "3-5",
                "bathrooms": "2-3",
                "garage": "2 car",
                "home_size": "1,500 - 3,000 sq ft"
            },
            "geometry": {
                "coordinates": [
                    [
                        [
                            -82.41312879790217,
                            27.557362944990402
                        ],
                        [
                            -82.41608120525245,
                            27.557361161423863
                        ],
                        [
                            -82.41604451184251,
                            27.556083457635598
                        ],
                        [
                            -82.41574971015116,
                            27.55531925059764
                        ],
                        [
                            -82.41643270201067,
                            27.55424406408479
                        ],
                        [
                            -82.41748496291605,
                            27.55369269143213
                        ],
                        [
                            -82.41929485691179,
                            27.5536294503001
                        ],
                        [
                            -82.42020219407136,
                            27.554009103847225
                        ],
                        [
                            -82.4210602953578,
                            27.554803444252343
                        ],
                        [
                            -82.42243878821569,
                            27.55602538887186
                        ],
                        [
                            -82.42537027906785,
                            27.55747962863525
                        ],
                        [
                            -82.42537031579555,
                            27.548480151025018
                        ],
                        [
                            -82.42464534142209,
                            27.5484467836025
                        ],
                        [
                            -82.42382458021005,
                            27.548245931673776
                        ],
                        [
                            -82.42327610994397,
                            27.547831516644422
                        ],
                        [
                            -82.42302166801643,
                            27.54751853442007
                        ],
                        [
                            -82.42320708069744,
                            27.54661128519632
                        ],
                        [
                            -82.42244481952706,
                            27.54549646921815
                        ],
                        [
                            -82.42230456170297,
                            27.54541262466895
                        ],
                        [
                            -82.42210146750604,
                            27.545384493637982
                        ],
                        [
                            -82.42210153201866,
                            27.541431266628237
                        ],
                        [
                            -82.41724451944015,
                            27.541451556551195
                        ],
                        [
                            -82.41692103162806,
                            27.54152670297978
                        ],
                        [
                            -82.41665456043387,
                            27.541424987327325
                        ],
                        [
                            -82.41326721607562,
                            27.541369701284168
                        ],
                        [
                            -82.41124564317096,
                            27.54147994932253
                        ],
                        [
                            -82.40937068846804,
                            27.542184495568208
                        ],
                        [
                            -82.40794941043978,
                            27.544579736786574
                        ],
                        [
                            -82.4079427706854,
                            27.54737058416255
                        ],
                        [
                            -82.4079286140835,
                            27.550066170108963
                        ],
                        [
                            -82.41217010886608,
                            27.55008179511642
                        ],
                        [
                            -82.41293465770659,
                            27.550023138586823
                        ],
                        [
                            -82.41312879790217,
                            27.557362944990402
                        ]
                    ]
                ],
                "type": "Polygon"
            }
        },
        {
            "type": "Feature",
            "properties": {
                "neighborhood": "Canoe Creek",
                "stroke": "#9d5353",
                "stroke-width": 2,
                "stroke-opacity": 1,
                "fill": "#ad5c5c",
                "fill-opacity": 0.5,
                "new_construction": true,
                "price_range": "$400,000 - $700,000",
                "amenities": [
                    "lagoon-style pool",
                    "fitness center",
                    "pickleball courts",
                    "dog parks",
                    "year-round events"
                ],
                "bedrooms": "3-5",
                "bathrooms": "2-4",
                "garage": "2-3 car",
                "home_size": "2,000 - 4,000 sq ft"
            },
            "geometry": {
                "coordinates": [
                    [
                        [
                            -82.4079390161549,
                            27.550067097114365
                        ],
                        [
                            -82.40793357295095,
                            27.547353472084822
                        ],
                        [
                            -82.40557832203693,
                            27.547476926852113
                        ],
                        [
                            -82.40446862198904,
                            27.547819149310243
                        ],
                        [
                            -82.40292261326442,
                            27.54842268208499
                        ],
                        [
                            -82.40189138922501,
                            27.548866432663246
                        ],
                        [
                            -82.40099880444059,
                            27.549486702010825
                        ],
                        [
                            -82.40025096312864,
                            27.54995724882916
                        ],
                        [
                            -82.39161460217106,
                            27.549828918078546
                        ],
                        [
                            -82.39071454316094,
                            27.550243551960747
                        ],
                        [
                            -82.39018381477649,
                            27.550692707017404
                        ],
                        [
                            -82.3902561865164,
                            27.551334354223584
                        ],
                        [
                            -82.39064216912888,
                            27.552211266010303
                        ],
                        [
                            -82.39061804558446,
                            27.552574861499423
                        ],
                        [
                            -82.39083516080518,
                            27.553152334256325
                        ],
                        [
                            -82.39105227679494,
                            27.553451763287754
                        ],
                        [
                            -82.39152953867296,
                            27.554116660379748
                        ],
                        [
                            -82.39136067128014,
                            27.55594109736255
                        ],
                        [
                            -82.39113671049154,
                            27.556638491421992
                        ],
                        [
                            -82.39112464853481,
                            27.557451202380108
                        ],
                        [
                            -82.3924514637655,
                            27.557429815587113
                        ],
                        [
                            -82.40072083306573,
                            27.557494659569755
                        ],
                        [
                            -82.40157030298892,
                            27.55723733250312
                        ],
                        [
                            -82.4020662545026,
                            27.55738106915581
                        ],
                        [
                            -82.40272825088593,
                            27.55745120242821
                        ],
                        [
                            -82.40771359869345,
                            27.557434189618405
                        ],
                        [
                            -82.40810788354814,
                            27.555863207207807
                        ],
                        [
                            -82.4079390161549,
                            27.550067097114365
                        ]
                    ]
                ],
                "type": "Polygon"
            },
            "id": 22
        },
        {
            "type": "Feature",
            "properties": {
                "neighborhood": "Aberdeen",
                "stroke": "#525252",
                "stroke-width": 2,
                "stroke-opacity": 1,
                "fill": "#555555",
                "fill-opacity": 0.5,
                "new_construction": true,
                "price_range": "$300s - $500s",
                "amenities": [
                    "Family-friendly with two parks",
                    "Walking Paths",
                    "Playground"
                ],
                "bedrooms": null,
                "bathrooms": null,
                "garage": null,
                "home_size": "1,400 - 2,700 sq ft"
            },
            "geometry": {
                "coordinates": [
                    [
                        [
                            -82.46239051246486,
                            27.550259911018074
                        ],
                        [
                            -82.46232011875374,
                            27.54249448900927
                        ],
                        [
                            -82.46142103312586,
                            27.54249767071812
                        ],
                        [
                            -82.46143548785612,
                            27.544133252914065
                        ],
                        [
                            -82.4580881490567,
                            27.54410379433692
                        ],
                        [
                            -82.45925409814758,
                            27.551860259034243
                        ],
                        [
                            -82.46239051246486,
                            27.550259911018074
                        ]
                    ]
                ],
                "type": "Polygon"
            }
        },
        {
            "type": "Feature",
            "properties": {
                "neighborhood": "Broadleaf",
                "stroke": "#39c093",
                "stroke-width": 2,
                "stroke-opacity": 1,
                "fill": "#40c48b",
                "fill-opacity": 0.5,
                "new_construction": true,
                "price_range": null,
                "amenities": [
                    "covered event pavilion and lawn",
                    "shaded playground",
                    "fenced dog park"
                ],
                "bedrooms": null,
                "bathrooms": null,
                "garage": null,
                "home_size": null
            },
            "geometry": {
                "coordinates": [
                    [
                        [
                            -82.41310395287454,
                            27.55739564511039
                        ],
                        [
                            -82.41293875945078,
                            27.550037841123867
                        ],
                        [
                            -82.41209607890237,
                            27.550084746566416
                        ],
                        [
                            -82.41056048301559,
                            27.550084394810973
                        ],
                        [
                            -82.40793346774156,
                            27.550091567469295
                        ],
                        [
                            -82.40809919015447,
                            27.555894551589034
                        ],
                        [
                            -82.40897740047738,
                            27.55594321320956
                        ],
                        [
                            -82.40898331572973,
                            27.557406028055297
                        ],
                        [
                            -82.41310395287454,
                            27.55739564511039
                        ]
                    ]
                ],
                "type": "Polygon"
            }
        },
        {
            "type": "Feature",
            "properties": {
                "neighborhood": "River Wilderness",
                "stroke": "#7fc671",
                "stroke-width": 2,
                "stroke-opacity": 1,
                "fill": "#7fc671",
                "fill-opacity": 0.5,
                "new_construction": false,
                "price_range": "$500,000 - $1,500,000",
                "amenities": [
                    "championship golf course",
                    "clubhouse",
                    "fitness center",
                    "tennis courts",
                    "swimming pool",
                    "boat ramp",
                    "walking trails"
                ],
                "bedrooms": "3-5",
                "bathrooms": "2-4",
                "garage": "2-3 car",
                "home_size": "2,000 - 5,000 sq ft"
            },
            "geometry": {
                "coordinates": [
                    [
                        [
                            -82.44590169601446,
                            27.54850284585096
                        ],
                        [
                            -82.44541401874412,
                            27.547794315979175
                        ],
                        [
                            -82.44554693657238,
                            27.54649797605488
                        ],
                        [
                            -82.44647736178969,
                            27.545437323095996
                        ],
                        [
                            -82.44745824668884,
                            27.54426926297012
                        ],
                        [
                            -82.44829188908211,
                            27.543654855785775
                        ],
                        [
                            -82.44829005562138,
                            27.542736487439768
                        ],
                        [
                            -82.4476951955947,
                            27.54133796115819
                        ],
                        [
                            -82.44735879399663,
                            27.540713332876543
                        ],
                        [
                            -82.44658562218588,
                            27.540390968972503
                        ],
                        [
                            -82.44594002101454,
                            27.539330257052754
                        ],
                        [
                            -82.4454083495475,
                            27.538673620275958
                        ],
                        [
                            -82.44407377960334,
                            27.538068939615506
                        ],
                        [
                            -82.44276584198944,
                            27.537813760952332
                        ],
                        [
                            -82.4423173454757,
                            27.537521225815937
                        ],
                        [
                            -82.44192159748117,
                            27.537069112494592
                        ],
                        [
                            -82.44146833959128,
                            27.535725266576037
                        ],
                        [
                            -82.4415704915092,
                            27.53552146010628
                        ],
                        [
                            -82.44193301686072,
                            27.53528179376653
                        ],
                        [
                            -82.4434833922762,
                            27.53518467779824
                        ],
                        [
                            -82.44392498078943,
                            27.53511027132093
                        ],
                        [
                            -82.44388597961076,
                            27.53382930242968
                        ],
                        [
                            -82.44381850464694,
                            27.533179019352772
                        ],
                        [
                            -82.44375946165631,
                            27.53210832959924
                        ],
                        [
                            -82.44406886774362,
                            27.53173712713678
                        ],
                        [
                            -82.44414878715864,
                            27.53125997880882
                        ],
                        [
                            -82.44381480095386,
                            27.53074484924447
                        ],
                        [
                            -82.44298348927276,
                            27.5303336017235
                        ],
                        [
                            -82.44256488105253,
                            27.530010811996533
                        ],
                        [
                            -82.44195867677712,
                            27.529869450534022
                        ],
                        [
                            -82.42808891098305,
                            27.529729343928764
                        ],
                        [
                            -82.42626649532129,
                            27.534245706556263
                        ],
                        [
                            -82.425902539574,
                            27.535125010224803
                        ],
                        [
                            -82.42656126229686,
                            27.535311563431293
                        ],
                        [
                            -82.42859311248338,
                            27.535410436868943
                        ],
                        [
                            -82.4289028458427,
                            27.535794943935983
                        ],
                        [
                            -82.42908229534257,
                            27.537090229836593
                        ],
                        [
                            -82.42837605749624,
                            27.53757253189727
                        ],
                        [
                            -82.42701404838354,
                            27.537707975277158
                        ],
                        [
                            -82.42571737198124,
                            27.53808746954421
                        ],
                        [
                            -82.42542460368907,
                            27.53808746954421
                        ],
                        [
                            -82.42545303983175,
                            27.542035973067513
                        ],
                        [
                            -82.42545303983175,
                            27.545955537934134
                        ],
                        [
                            -82.42546323234238,
                            27.54827870773886
                        ],
                        [
                            -82.42672794563747,
                            27.54828815285795
                        ],
                        [
                            -82.42748138320066,
                            27.548346850933314
                        ],
                        [
                            -82.44590169601446,
                            27.54850284585096
                        ]
                    ]
                ],
                "type": "Polygon"
            }
        },
        {
            "type": "Feature",
            "properties": {
                "neighborhood": "River Woods",
                "stroke": "#ffa3a3",
                "stroke-width": 2,
                "stroke-opacity": 1,
                "fill": "#ffa3a3",
                "fill-opacity": 0.5,
                "new_construction": false,
                "price_range": null,
                "amenities": null,
                "bedrooms": null,
                "bathrooms": null,
                "garage": null,
                "home_size": null
            },
            "geometry": {
                "coordinates": [
                    [
                        [
                            -82.45038956148247,
                            27.54585046531578
                        ],
                        [
                            -82.45126487201534,
                            27.54518053439113
                        ],
                        [
                            -82.45207778797445,
                            27.54456465739213
                        ],
                        [
                            -82.45111929640653,
                            27.54311982330836
                        ],
                        [
                            -82.45146591916236,
                            27.542587906472207
                        ],
                        [
                            -82.45160667007279,
                            27.540932829460374
                        ],
                        [
                            -82.45163889644452,
                            27.54018988986202
                        ],
                        [
                            -82.45154221733002,
                            27.53957553216938
                        ],
                        [
                            -82.45060765255673,
                            27.539518382441543
                        ],
                        [
                            -82.45001146468448,
                            27.539504095004915
                        ],
                        [
                            -82.45001146468448,
                            27.539089758538523
                        ],
                        [
                            -82.44996312512751,
                            27.53847539469477
                        ],
                        [
                            -82.44997923831276,
                            27.537861027416128
                        ],
                        [
                            -82.45005980424139,
                            27.53751812325511
                        ],
                        [
                            -82.45005980424139,
                            27.537018052769
                        ],
                        [
                            -82.45005980416455,
                            27.536432252691284
                        ],
                        [
                            -82.45024822225734,
                            27.53583479757249
                        ],
                        [
                            -82.45022364860267,
                            27.53546436697755
                        ],
                        [
                            -82.44997791204976,
                            27.53523920265404
                        ],
                        [
                            -82.44946325802452,
                            27.535159717191547
                        ],
                        [
                            -82.44882434299836,
                            27.53517424394508
                        ],
                        [
                            -82.44819361918626,
                            27.535065293240365
                        ],
                        [
                            -82.44601475512427,
                            27.535087083388646
                        ],
                        [
                            -82.44605332740811,
                            27.533949358283508
                        ],
                        [
                            -82.4464004917975,
                            27.533441445712782
                        ],
                        [
                            -82.44617972546915,
                            27.533085946993026
                        ],
                        [
                            -82.44518337161752,
                            27.53258282652446
                        ],
                        [
                            -82.44513229380027,
                            27.53253438160766
                        ],
                        [
                            -82.44475609592499,
                            27.532172281836836
                        ],
                        [
                            -82.44426047414234,
                            27.53200450926161
                        ],
                        [
                            -82.44375941961748,
                            27.532108937200007
                        ],
                        [
                            -82.44382098622462,
                            27.533196313426345
                        ],
                        [
                            -82.44388521116669,
                            27.533839044592014
                        ],
                        [
                            -82.44392447266792,
                            27.53510979984084
                        ],
                        [
                            -82.4434765529406,
                            27.535186256409332
                        ],
                        [
                            -82.44193216088658,
                            27.53528297873406
                        ],
                        [
                            -82.44157051848421,
                            27.535520972694883
                        ],
                        [
                            -82.44146797200317,
                            27.53572544215217
                        ],
                        [
                            -82.4419205276279,
                            27.53706901871027
                        ],
                        [
                            -82.442313736942,
                            27.537516880504413
                        ],
                        [
                            -82.44276026910283,
                            27.53781254411392
                        ],
                        [
                            -82.44407193629145,
                            27.538068936641736
                        ],
                        [
                            -82.44540600349771,
                            27.538673364778646
                        ],
                        [
                            -82.44593938635099,
                            27.53932940960432
                        ],
                        [
                            -82.44658477347832,
                            27.540390430190556
                        ],
                        [
                            -82.44735829122659,
                            27.540712785250633
                        ],
                        [
                            -82.44769651271685,
                            27.54134097697991
                        ],
                        [
                            -82.44824803721933,
                            27.542639698267024
                        ],
                        [
                            -82.44996243698296,
                            27.542709557429745
                        ],
                        [
                            -82.44996243698296,
                            27.54450713553041
                        ],
                        [
                            -82.44986277458246,
                            27.54475328992062
                        ],
                        [
                            -82.44983680604938,
                            27.544989097400844
                        ],
                        [
                            -82.4498064955445,
                            27.545529960159243
                        ],
                        [
                            -82.44975891910391,
                            27.546183207782235
                        ],
                        [
                            -82.449836243388,
                            27.546169925115905
                        ],
                        [
                            -82.45002414067497,
                            27.546114247512605
                        ],
                        [
                            -82.45015305880706,
                            27.546040649530447
                        ],
                        [
                            -82.45038956148247,
                            27.54585046531578
                        ]
                    ]
                ],
                "type": "Polygon"
            }
        },
        {
            "type": "Feature",
            "properties": {
                "neighborhood": "Chelsea Oaks",
                "stroke": "#ff0000",
                "stroke-width": 2,
                "stroke-opacity": 1,
                "fill": "#ff0000",
                "fill-opacity": 0.5,
                "new_construction": false,
                "price_range": "$300,000 - $500,000",
                "amenities": [
                    "resort-style pool with waterslides",
                    "playground",
                    "basketball court",
                    "outdoor amphitheater"
                ],
                "bedrooms": "3-4",
                "bathrooms": "2-3",
                "garage": "2 car",
                "home_size": "1,500 - 2,500 sq ft"
            },
            "geometry": {
                "coordinates": [
                    [
                        [
                            -82.42528003659409,
                            27.541433773335953
                        ],
                        [
                            -82.42528645720168,
                            27.53900226234748
                        ],
                        [
                            -82.41915161032227,
                            27.53899041315097
                        ],
                        [
                            -82.41914871880634,
                            27.53872046038707
                        ],
                        [
                            -82.4196438303024,
                            27.538429716820303
                        ],
                        [
                            -82.41981131023707,
                            27.537984202079173
                        ],
                        [
                            -82.41987790957677,
                            27.535371988879305
                        ],
                        [
                            -82.41710690194418,
                            27.53536688352297
                        ],
                        [
                            -82.41702695634186,
                            27.535886545905043
                        ],
                        [
                            -82.41679667143333,
                            27.53625781540066
                        ],
                        [
                            -82.41673097463284,
                            27.53718085495896
                        ],
                        [
                            -82.41509015575723,
                            27.537176097482828
                        ],
                        [
                            -82.41501832910255,
                            27.53871546165327
                        ],
                        [
                            -82.41473677478902,
                            27.539067751690247
                        ],
                        [
                            -82.41326335136455,
                            27.53909486452119
                        ],
                        [
                            -82.41326335101301,
                            27.54137808542481
                        ],
                        [
                            -82.4165920146918,
                            27.54141521057568
                        ],
                        [
                            -82.41692697455873,
                            27.54152658595231
                        ],
                        [
                            -82.41730380440927,
                            27.54143377314641
                        ],
                        [
                            -82.42528003659409,
                            27.541433773335953
                        ]
                    ]
                ],
                "type": "Polygon"
            }
        },
        {
            "type": "Feature",
            "properties": {
                "neighborhood": "Harrison Ranch",
                "stroke": "#47c293",
                "stroke-width": 2,
                "stroke-opacity": 1,
                "fill": "#47c293",
                "fill-opacity": 0.5,
                "new_construction": false,
                "price_range": "$300,000 - $500,000",
                "amenities": [
                    "resort-style pool",
                    "fitness center",
                    "clubhouse",
                    "tennis courts",
                    "playground",
                    "walking trails"
                ],
                "bedrooms": "3-5",
                "bathrooms": "2-4",
                "garage": "2 car",
                "home_size": "1,500 - 3,000 sq ft"
            },
            "geometry": {
                "coordinates": [
                    [
                        [
                            -82.46227307853336,
                            27.55217546255456
                        ],
                        [
                            -82.46156154763861,
                            27.55214276354179
                        ],
                        [
                            -82.46124403297163,
                            27.552147731664583
                        ],
                        [
                            -82.46084055974953,
                            27.552190804790804
                        ],
                        [
                            -82.46055473704622,
                            27.551672034126923
                        ],
                        [
                            -82.45963819869682,
                            27.55211759211383
                        ],
                        [
                            -82.45866793624998,
                            27.552639362034018
                        ],
                        [
                            -82.45579472951202,
                            27.5541080503043
                        ],
                        [
                            -82.45290164230384,
                            27.555580185755236
                        ],
                        [
                            -82.45009324185354,
                            27.557017670232824
                        ],
                        [
                            -82.4501753813397,
                            27.56470543141657
                        ],
                        [
                            -82.4501932408771,
                            27.567315232385198
                        ],
                        [
                            -82.45018732651923,
                            27.567940285179866
                        ],
                        [
                            -82.44997689589277,
                            27.56813735004188
                        ],
                        [
                            -82.44760922032057,
                            27.56817069125144
                        ],
                        [
                            -82.44671845506585,
                            27.56818393449582
                        ],
                        [
                            -82.44671118192342,
                            27.568674171905016
                        ],
                        [
                            -82.44675901671414,
                            27.571735191709067
                        ],
                        [
                            -82.44732800078656,
                            27.57212835463244
                        ],
                        [
                            -82.46805887099171,
                            27.57187896888169
                        ],
                        [
                            -82.46849715635179,
                            27.57143282626771
                        ],
                        [
                            -82.46885956109558,
                            27.570584636345046
                        ],
                        [
                            -82.46884317529445,
                            27.569775757653616
                        ],
                        [
                            -82.46890875917002,
                            27.56891352274124
                        ],
                        [
                            -82.46880408894609,
                            27.567784656721386
                        ],
                        [
                            -82.46752071137787,
                            27.565346811636076
                        ],
                        [
                            -82.46656081659815,
                            27.56390508403375
                        ],
                        [
                            -82.4667148871792,
                            27.561437876407936
                        ],
                        [
                            -82.46755506768339,
                            27.561048215273203
                        ],
                        [
                            -82.47002284386083,
                            27.5610446055435
                        ],
                        [
                            -82.4700047782271,
                            27.55775603270996
                        ],
                        [
                            -82.46645044784611,
                            27.557777139380903
                        ],
                        [
                            -82.46641604230521,
                            27.554524401509354
                        ],
                        [
                            -82.46610147252075,
                            27.554179110338183
                        ],
                        [
                            -82.46222876447622,
                            27.554144035057874
                        ],
                        [
                            -82.46227307853336,
                            27.55217546255456
                        ]
                    ]
                ],
                "type": "Polygon"
            }
        },
        {
            "type": "Feature",
            "properties": {
                "neighborhood": "River Plantation",
                "stroke": "#3b9b65",
                "stroke-width": 2,
                "stroke-opacity": 1,
                "fill": "#3b9b65",
                "fill-opacity": 0.5,
                "new_construction": false,
                "price_range": null,
                "amenities": [
                    "tennis courts",
                    "basketball court",
                    "playground",
                    "walking trails",
                    "river access"
                ],
                "bedrooms": "3-5",
                "bathrooms": "2-4",
                "garage": "2 car",
                "home_size": "2,000 - 4,000 sq ft"
            },
            "geometry": {
                "coordinates": [
                    [
                        [
                            -82.40273748632131,
                            27.53541024028091
                        ],
                        [
                            -82.40310765086161,
                            27.535387073795093
                        ],
                        [
                            -82.4084029011532,
                            27.53532353258176
                        ],
                        [
                            -82.41409867090513,
                            27.535310845220643
                        ],
                        [
                            -82.42116800078195,
                            27.53529815786433
                        ],
                        [
                            -82.42544467802887,
                            27.535295564199615
                        ],
                        [
                            -82.42552911165737,
                            27.534670507003582
                        ],
                        [
                            -82.42551677817004,
                            27.53423304656924
                        ],
                        [
                            -82.42544277707856,
                            27.533653408689247
                        ],
                        [
                            -82.42540577656837,
                            27.533304014061613
                        ],
                        [
                            -82.42533053859584,
                            27.532945831336903
                        ],
                        [
                            -82.42513320258921,
                            27.532606794225174
                        ],
                        [
                            -82.42275283946461,
                            27.53248649052054
                        ],
                        [
                            -82.42280217341523,
                            27.53114126740047
                        ],
                        [
                            -82.41898090376424,
                            27.531108360549965
                        ],
                        [
                            -82.41834167105577,
                            27.530841719839202
                        ],
                        [
                            -82.41821596068671,
                            27.529756008449468
                        ],
                        [
                            -82.41728259903708,
                            27.528369225545916
                        ],
                        [
                            -82.41007488543899,
                            27.529640058571175
                        ],
                        [
                            -82.40411851449653,
                            27.531659299556864
                        ],
                        [
                            -82.40185246859674,
                            27.532427725143506
                        ],
                        [
                            -82.40273748632131,
                            27.53541024028091
                        ]
                    ]
                ],
                "type": "Polygon"
            }
        },
        {
            "type": "Feature",
            "properties": {
                "neighborhood": "Parkwood Lakes",
                "stroke": "#ff5c95",
                "stroke-width": 2,
                "stroke-opacity": 1,
                "fill": "#ff5c95",
                "fill-opacity": 0.5,
                "new_construction": false,
                "price_range": null,
                "amenities": null,
                "bedrooms": null,
                "bathrooms": null,
                "garage": null,
                "home_size": null
            },
            "geometry": {
                "coordinates": [
                    [
                        [
                            -82.47361327189452,
                            27.542547575310095
                        ],
                        [
                            -82.47584851973687,
                            27.541501555912305
                        ],
                        [
                            -82.47650667604621,
                            27.541237296804468
                        ],
                        [
                            -82.47858048932203,
                            27.540191264932915
                        ],
                        [
                            -82.47861774345252,
                            27.538660737195926
                        ],
                        [
                            -82.47859290736568,
                            27.537471535460796
                        ],
                        [
                            -82.47819552997117,
                            27.53733940114016
                        ],
                        [
                            -82.47237146753776,
                            27.53733940114016
                        ],
                        [
                            -82.47242113971188,
                            27.53959667395617
                        ],
                        [
                            -82.4729178614547,
                            27.54062068974804
                        ],
                        [
                            -82.472508066017,
                            27.5411712319286
                        ],
                        [
                            -82.47249564797333,
                            27.541721771350566
                        ],
                        [
                            -82.47258257427842,
                            27.54219523304657
                        ],
                        [
                            -82.4728806073242,
                            27.542536564631348
                        ],
                        [
                            -82.47361327189452,
                            27.542547575310095
                        ]
                    ]
                ],
                "type": "Polygon"
            }
        },
        {
            "type": "Feature",
            "properties": {
                "neighborhood": "North River Ranch",
                "stroke": "#9781d5",
                "stroke-width": 2,
                "stroke-opacity": 1,
                "fill": "#9781d5",
                "fill-opacity": 0.5,
                "new_construction": true,
                "price_range": "$300,000 - $600,000",
                "amenities": [
                    "miles of trails",
                    "resort-inspired amenities",
                    "on-site shopping",
                    "on-site schools",
                    "new hospital",
                    "village center",
                    "poolside relaxation"
                ],
                "bedrooms": "3-5",
                "bathrooms": "2-4",
                "garage": "2 car",
                "home_size": "1,500 - 3,000 sq ft"
            },
            "geometry": {
                "coordinates": [
                    [
                        [
                            -82.42206126314044,
                            27.602793313258033
                        ],
                        [
                            -82.43579536303322,
                            27.602867353315972
                        ],
                        [
                            -82.43569865629802,
                            27.60360436762774
                        ],
                        [
                            -82.43479134662623,
                            27.604801258266406
                        ],
                        [
                            -82.43415795315373,
                            27.605352999628096
                        ],
                        [
                            -82.43361563851725,
                            27.60598375614404
                        ],
                        [
                            -82.43329363920147,
                            27.606494365902023
                        ],
                        [
                            -82.43317500787518,
                            27.607230240484867
                        ],
                        [
                            -82.43320416374956,
                            27.61451968498494
                        ],
                        [
                            -82.41235796409214,
                            27.61481753092015
                        ],
                        [
                            -82.40993709012608,
                            27.617845940519373
                        ],
                        [
                            -82.41287240705485,
                            27.618423909018134
                        ],
                        [
                            -82.41389743884402,
                            27.61896059141783
                        ],
                        [
                            -82.41634138919721,
                            27.619345084350826
                        ],
                        [
                            -82.41684468297727,
                            27.619834922047048
                        ],
                        [
                            -82.41658290970886,
                            27.620620474512407
                        ],
                        [
                            -82.4166990768648,
                            27.62110445855601
                        ],
                        [
                            -82.41817403986563,
                            27.621606684081726
                        ],
                        [
                            -82.42038585291287,
                            27.62215308523126
                        ],
                        [
                            -82.42169043822878,
                            27.622276930998467
                        ],
                        [
                            -82.42471893982207,
                            27.62186411119515
                        ],
                        [
                            -82.42765425675117,
                            27.621327443123775
                        ],
                        [
                            -82.43372160610863,
                            27.619890483895603
                        ],
                        [
                            -82.43856712185122,
                            27.61934239726574
                        ],
                        [
                            -82.44423740623103,
                            27.62075828211526
                        ],
                        [
                            -82.45046515594511,
                            27.61809861663646
                        ],
                        [
                            -82.45020864302242,
                            27.601408514984783
                        ],
                        [
                            -82.45008659451696,
                            27.597298416807305
                        ],
                        [
                            -82.45024932585794,
                            27.59554977567339
                        ],
                        [
                            -82.45016796014326,
                            27.594179686811543
                        ],
                        [
                            -82.44003937025948,
                            27.594059668945718
                        ],
                        [
                            -82.44006730471743,
                            27.593016146016097
                        ],
                        [
                            -82.43994740070838,
                            27.592866076159154
                        ],
                        [
                            -82.43993522239437,
                            27.591348375354144
                        ],
                        [
                            -82.4398919986364,
                            27.58919897563534
                        ],
                        [
                            -82.43546446199596,
                            27.58985305581784
                        ],
                        [
                            -82.43546446197008,
                            27.58743366116454
                        ],
                        [
                            -82.43551454973436,
                            27.58682325500186
                        ],
                        [
                            -82.43557715943983,
                            27.585413758699048
                        ],
                        [
                            -82.43381156574472,
                            27.58591318859513
                        ],
                        [
                            -82.43372391215739,
                            27.587300481927855
                        ],
                        [
                            -82.43210820762471,
                            27.587701087291535
                        ],
                        [
                            -82.43191056389311,
                            27.58942442967424
                        ],
                        [
                            -82.43155723274691,
                            27.590833613049597
                        ],
                        [
                            -82.42964924326596,
                            27.590911900465386
                        ],
                        [
                            -82.42938424472719,
                            27.593933751992708
                        ],
                        [
                            -82.42543554660324,
                            27.59399646908527
                        ],
                        [
                            -82.425566586738,
                            27.597073993214323
                        ],
                        [
                            -82.42540278656942,
                            27.598090137867345
                        ],
                        [
                            -82.4250096661664,
                            27.599106273099878
                        ],
                        [
                            -82.42206126314044,
                            27.602793313258033
                        ]
                    ]
                ],
                "type": "Polygon"
            }
        },
        {
            "type": "Feature",
            "properties": {
                "neighborhood": "Lexington",
                "stroke": "#feea16",
                "stroke-width": 2,
                "stroke-opacity": 1,
                "fill": "#feea16",
                "fill-opacity": 0.5,
                "new_construction": false,
                "price_range": null,
                "amenities": null,
                "bedrooms": null,
                "bathrooms": null,
                "garage": null,
                "home_size": null
            },
            "geometry": {
                "coordinates": [
                    [
                        [
                            -82.44672434425289,
                            27.568165924737144
                        ],
                        [
                            -82.4448653939215,
                            27.568186806880306
                        ],
                        [
                            -82.4447908507593,
                            27.562992828781603
                        ],
                        [
                            -82.44488030255405,
                            27.560997112803094
                        ],
                        [
                            -82.44473121622909,
                            27.560481657085916
                        ],
                        [
                            -82.44466612021937,
                            27.559709844053458
                        ],
                        [
                            -82.44260629901129,
                            27.56075849754467
                        ],
                        [
                            -82.44059563112428,
                            27.561797467062064
                        ],
                        [
                            -82.43659614127071,
                            27.56384635562577
                        ],
                        [
                            -82.43651410915378,
                            27.56519896016998
                        ],
                        [
                            -82.43665075607146,
                            27.566798637594218
                        ],
                        [
                            -82.43352814009457,
                            27.56688605645479
                        ],
                        [
                            -82.433429701815,
                            27.567758682333007
                        ],
                        [
                            -82.43342893240363,
                            27.569077212815245
                        ],
                        [
                            -82.4371539599274,
                            27.569082151605414
                        ],
                        [
                            -82.4371539599274,
                            27.569896586301354
                        ],
                        [
                            -82.43831881598949,
                            27.56992567314323
                        ],
                        [
                            -82.43838444168291,
                            27.570536495036308
                        ],
                        [
                            -82.43846647366958,
                            27.57104551072088
                        ],
                        [
                            -82.43867975713704,
                            27.57167086958343
                        ],
                        [
                            -82.43908991763388,
                            27.57215079376924
                        ],
                        [
                            -82.43972976838523,
                            27.572499827995983
                        ],
                        [
                            -82.44212510620224,
                            27.57257254336048
                        ],
                        [
                            -82.44294542737299,
                            27.573183350519656
                        ],
                        [
                            -82.44292902094952,
                            27.573895954575264
                        ],
                        [
                            -82.44396262562411,
                            27.573895954575264
                        ],
                        [
                            -82.44394621920058,
                            27.574913952339543
                        ],
                        [
                            -82.4448485724877,
                            27.574913952339543
                        ],
                        [
                            -82.44491419818114,
                            27.57290703341667
                        ],
                        [
                            -82.44677900301933,
                            27.572902172748513
                        ],
                        [
                            -82.4467189047554,
                            27.569086495136105
                        ],
                        [
                            -82.44671197741545,
                            27.56862775475676
                        ],
                        [
                            -82.44672434425289,
                            27.568165924737144
                        ]
                    ]
                ],
                "type": "Polygon"
            }
        },
        {
            "type": "Feature",
            "properties": {
                "neighborhood": "McKinley Oaks",
                "stroke": "#ff4797",
                "stroke-width": 2,
                "stroke-opacity": 1,
                "fill": "#ff4797",
                "fill-opacity": 0.5,
                "new_construction": false,
                "price_range": null,
                "amenities": null,
                "bedrooms": null,
                "bathrooms": null,
                "garage": null,
                "home_size": null
            },
            "geometry": {
                "coordinates": [
                    [
                        [
                            -82.41312046770705,
                            27.535400912161606
                        ],
                        [
                            -82.41059681706001,
                            27.535400468951536
                        ],
                        [
                            -82.41055896229996,
                            27.537687466413544
                        ],
                        [
                            -82.41058419880699,
                            27.538011938020148
                        ],
                        [
                            -82.41079870911527,
                            27.53840354040682
                        ],
                        [
                            -82.41054634404644,
                            27.539035587721614
                        ],
                        [
                            -82.41052812079332,
                            27.53993365549914
                        ],
                        [
                            -82.41073890356155,
                            27.540923034552463
                        ],
                        [
                            -82.41124627475475,
                            27.54147788038931
                        ],
                        [
                            -82.41326101113637,
                            27.541364328129546
                        ],
                        [
                            -82.41327188667421,
                            27.538386649914614
                        ],
                        [
                            -82.41308914086808,
                            27.5383862617726
                        ],
                        [
                            -82.41312046770705,
                            27.535400912161606
                        ]
                    ]
                ],
                "type": "Polygon"
            }
        },
        {
            "type": "Feature",
            "properties": {
                "neighborhood": "Lakeside Preserve",
                "stroke": "#a914bd",
                "stroke-width": 2,
                "stroke-opacity": 1,
                "fill": "#a914bd",
                "fill-opacity": 0.5,
                "new_construction": false,
                "price_range": null,
                "amenities": [
                    "clubhouse",
                    "fitness center",
                    "playgrounds",
                    "nature trails"
                ],
                "bedrooms": null,
                "bathrooms": null,
                "garage": null,
                "home_size": null
            },
            "geometry": {
                "coordinates": [
                    [
                        [
                            -82.43029975988338,
                            27.558327528752912
                        ],
                        [
                            -82.4295025737998,
                            27.558069467735052
                        ],
                        [
                            -82.42754557682827,
                            27.558049639609933
                        ],
                        [
                            -82.42750084546904,
                            27.559844070419246
                        ],
                        [
                            -82.4275671047476,
                            27.560811937857224
                        ],
                        [
                            -82.42747157293164,
                            27.56124480154935
                        ],
                        [
                            -82.42735481182307,
                            27.561837633836134
                        ],
                        [
                            -82.42741849970051,
                            27.562430462922052
                        ],
                        [
                            -82.42752464616278,
                            27.56279745075109
                        ],
                        [
                            -82.42722298859977,
                            27.563240869521692
                        ],
                        [
                            -82.42720620677596,
                            27.564557093298404
                        ],
                        [
                            -82.42547320862654,
                            27.564537306486528
                        ],
                        [
                            -82.425454790147,
                            27.565291053510236
                        ],
                        [
                            -82.42562462448669,
                            27.565770947917898
                        ],
                        [
                            -82.42805537847453,
                            27.565874454279808
                        ],
                        [
                            -82.42950958500892,
                            27.565658031775342
                        ],
                        [
                            -82.42941761852016,
                            27.566091881458412
                        ],
                        [
                            -82.42946863545276,
                            27.566525731141482
                        ],
                        [
                            -82.42966381168254,
                            27.56702752290512
                        ],
                        [
                            -82.4315582117325,
                            27.566072057063252
                        ],
                        [
                            -82.43152636779358,
                            27.564726469167255
                        ],
                        [
                            -82.43156216480246,
                            27.563864611787196
                        ],
                        [
                            -82.43109574276288,
                            27.563278044032387
                        ],
                        [
                            -82.4313126832465,
                            27.56298956693682
                        ],
                        [
                            -82.43148623563317,
                            27.562720320964516
                        ],
                        [
                            -82.43145369456747,
                            27.562470306172145
                        ],
                        [
                            -82.43128014218081,
                            27.562181826953847
                        ],
                        [
                            -82.43145369457079,
                            27.56181641883174
                        ],
                        [
                            -82.43146454159584,
                            27.561524034542487
                        ],
                        [
                            -82.43136691837968,
                            27.561331713477685
                        ],
                        [
                            -82.43104150765876,
                            27.561177856390742
                        ],
                        [
                            -82.43055367651007,
                            27.56112015992767
                        ],
                        [
                            -82.43053198238857,
                            27.560552809790067
                        ],
                        [
                            -82.43042351214694,
                            27.560293173992775
                        ],
                        [
                            -82.43051028834049,
                            27.560100850784494
                        ],
                        [
                            -82.43052113533648,
                            27.55912027990955
                        ],
                        [
                            -82.43042244329526,
                            27.558627954742093
                        ],
                        [
                            -82.43029975988338,
                            27.558327528752912
                        ]
                    ]
                ],
                "type": "Polygon"
            }
        },
        {
            "type": "Feature",
            "properties": {
                "neighborhood": "Creekside Preserve",
                "stroke": "#9d5353",
                "stroke-width": 2,
                "stroke-opacity": 1,
                "fill": "#9d5353",
                "fill-opacity": 0.5,
                "new_construction": true,
                "price_range": null,
                "amenities": [
                    "playground",
                    "basketball court"
                ],
                "bedrooms": null,
                "bathrooms": null,
                "garage": null,
                "home_size": null
            },
            "geometry": {
                "coordinates": [
                    [
                        [
                            -82.46843714661313,
                            27.547535620273464
                        ],
                        [
                            -82.46915732779634,
                            27.548857714567077
                        ],
                        [
                            -82.46969114232978,
                            27.549392677807205
                        ],
                        [
                            -82.46997949115205,
                            27.550288420476136
                        ],
                        [
                            -82.47006716242396,
                            27.55118416299095
                        ],
                        [
                            -82.47021585322967,
                            27.551781786021834
                        ],
                        [
                            -82.47060244929496,
                            27.55227394395247
                        ],
                        [
                            -82.47142311490698,
                            27.552430747202635
                        ],
                        [
                            -82.4722741055412,
                            27.5524307472093
                        ],
                        [
                            -82.47288869420422,
                            27.55227255412852
                        ],
                        [
                            -82.4737610135718,
                            27.551973744310104
                        ],
                        [
                            -82.47455403133405,
                            27.551850704864933
                        ],
                        [
                            -82.47490007608108,
                            27.551748292413237
                        ],
                        [
                            -82.47531370665983,
                            27.551408079987702
                        ],
                        [
                            -82.4754796015042,
                            27.551216910618564
                        ],
                        [
                            -82.47617799729723,
                            27.550417941131172
                        ],
                        [
                            -82.47673482981405,
                            27.549477772199737
                        ],
                        [
                            -82.47705073835371,
                            27.548921048160537
                        ],
                        [
                            -82.47737313935887,
                            27.548421813526204
                        ],
                        [
                            -82.4767241998041,
                            27.547998711364826
                        ],
                        [
                            -82.47624838886291,
                            27.547770201024335
                        ],
                        [
                            -82.4757043178884,
                            27.547471379001166
                        ],
                        [
                            -82.47520868186983,
                            27.547242867494205
                        ],
                        [
                            -82.4744354896814,
                            27.547031933373063
                        ],
                        [
                            -82.47399932998539,
                            27.54690888828185
                        ],
                        [
                            -82.4736424720703,
                            27.546715531414918
                        ],
                        [
                            -82.4730566315585,
                            27.546301571917752
                        ],
                        [
                            -82.4722108421075,
                            27.545632252690538
                        ],
                        [
                            -82.46843714661313,
                            27.547535620273464
                        ]
                    ]
                ],
                "type": "Polygon"
            }
        },
        {
            "type": "Feature",
            "properties": {
                "neighborhood": "Kingsfield Lakes",
                "stroke": "#ff8585",
                "stroke-width": 2,
                "stroke-opacity": 1,
                "fill": "#ff8585",
                "fill-opacity": 0.5,
                "new_construction": false,
                "price_range": null,
                "amenities": [
                    "fitness center",
                    "clubhouse",
                    "pool"
                ],
                "bedrooms": null,
                "bathrooms": null,
                "garage": null,
                "home_size": null
            },
            "geometry": {
                "coordinates": [
                    [
                        [
                            -82.43908313554523,
                            27.54854450037918
                        ],
                        [
                            -82.43910869041672,
                            27.549885890217254
                        ],
                        [
                            -82.43863683108289,
                            27.550269381153868
                        ],
                        [
                            -82.43770718269505,
                            27.550272600854058
                        ],
                        [
                            -82.43766230905219,
                            27.552220545649178
                        ],
                        [
                            -82.4376734516103,
                            27.553406983974
                        ],
                        [
                            -82.43771277322094,
                            27.557851767846557
                        ],
                        [
                            -82.44459405516986,
                            27.557642605580867
                        ],
                        [
                            -82.44461371597556,
                            27.556927964833534
                        ],
                        [
                            -82.44589166833715,
                            27.55689310419075
                        ],
                        [
                            -82.44589954127045,
                            27.54858897604133
                        ],
                        [
                            -82.4440142277283,
                            27.548575515286537
                        ],
                        [
                            -82.44400120846008,
                            27.54931882312185
                        ],
                        [
                            -82.44207534191077,
                            27.549316315745553
                        ],
                        [
                            -82.442078332318,
                            27.54857894417497
                        ],
                        [
                            -82.43908313554523,
                            27.54854450037918
                        ]
                    ]
                ],
                "type": "Polygon"
            }
        },
        {
            "type": "Feature",
            "properties": {
                "neighborhood": "Kingsfield",
                "stroke": "#3fc3d5",
                "stroke-width": 2,
                "stroke-opacity": 1,
                "fill": "#3fc3d5",
                "fill-opacity": 0.5,
                "new_construction": false,
                "price_range": null,
                "amenities": [
                    "clubhouse",
                    "pool",
                    "fitness center"
                ],
                "bedrooms": null,
                "bathrooms": null,
                "garage": null,
                "home_size": null
            },
            "geometry": {
                "coordinates": [
                    [
                        [
                            -82.42948605848346,
                            27.553683907787104
                        ],
                        [
                            -82.43351015036203,
                            27.55361349321393
                        ],
                        [
                            -82.4335498617953,
                            27.552252135933813
                        ],
                        [
                            -82.4376533765394,
                            27.55221692819474
                        ],
                        [
                            -82.43771956226155,
                            27.548543525328455
                        ],
                        [
                            -82.43156009774374,
                            27.54847046593695
                        ],
                        [
                            -82.42747898987443,
                            27.54844338133228
                        ],
                        [
                            -82.42674342011283,
                            27.5485053998325
                        ],
                        [
                            -82.42545389788557,
                            27.548510747734852
                        ],
                        [
                            -82.42550211153649,
                            27.553587162676322
                        ],
                        [
                            -82.42628424110995,
                            27.553581545330914
                        ],
                        [
                            -82.42626243465102,
                            27.555614141669025
                        ],
                        [
                            -82.42948605848343,
                            27.555578166371376
                        ],
                        [
                            -82.42948605848346,
                            27.553683907787104
                        ]
                    ]
                ],
                "type": "Polygon"
            }
        },
        {
            "type": "Feature",
            "properties": {
                "neighborhood": "Isles at BayView",
                "stroke": "#3f60ab",
                "stroke-width": 2,
                "stroke-opacity": 1,
                "fill": "#3f60ab",
                "fill-opacity": 0.5,
                "new_construction": true,
                "price_range": "$300,000 - $500,000",
                "amenities": [
                    "resort-style pool",
                    "fitness center",
                    "clubhouse",
                    "playground",
                    "dog park",
                    "walking trails"
                ],
                "bedrooms": "3-5",
                "bathrooms": "2-3",
                "garage": "2 car",
                "home_size": "1,500 - 3,000 sq ft"
            },
            "geometry": {
                "coordinates": [
                    [
                        [
                            -82.46935244944866,
                            27.621630816812484
                        ],
                        [
                            -82.47574342445168,
                            27.62307937584228
                        ],
                        [
                            -82.47646798268623,
                            27.622881846263084
                        ],
                        [
                            -82.48183714484153,
                            27.61784471955086
                        ],
                        [
                            -82.48181856642564,
                            27.612050091155083
                        ],
                        [
                            -82.47819577535194,
                            27.612642737677632
                        ],
                        [
                            -82.4757248460556,
                            27.614223112729206
                        ],
                        [
                            -82.47540901298763,
                            27.615144987645763
                        ],
                        [
                            -82.4750931799196,
                            27.617515487515448
                        ],
                        [
                            -82.46933387103276,
                            27.619853013530914
                        ],
                        [
                            -82.46935244944866,
                            27.621630816812484
                        ]
                    ]
                ],
                "type": "Polygon"
            }
        },
        {
            "type": "Feature",
            "properties": {
                "neighborhood": "Grand Oak Preserve",
                "stroke": "#ade01f",
                "stroke-width": 2,
                "stroke-opacity": 1,
                "fill": "#ade01f",
                "fill-opacity": 0.5,
                "new_construction": false,
                "price_range": null,
                "amenities": null,
                "bedrooms": null,
                "bathrooms": null,
                "garage": null,
                "home_size": null
            },
            "geometry": {
                "coordinates": [
                    [
                        [
                            -82.46643997466003,
                            27.557789937332544
                        ],
                        [
                            -82.4709292067972,
                            27.557727261649617
                        ],
                        [
                            -82.47072785024157,
                            27.55432747208347
                        ],
                        [
                            -82.46975763459291,
                            27.55359477497283
                        ],
                        [
                            -82.46800488112207,
                            27.553507279136152
                        ],
                        [
                            -82.46642368871596,
                            27.553740888634223
                        ],
                        [
                            -82.46643997466003,
                            27.557789937332544
                        ]
                    ]
                ],
                "type": "Polygon"
            }
        },
        {
            "type": "Feature",
            "properties": {
                "neighborhood": "Ancient Oaks",
                "stroke": "#b12f2f",
                "stroke-width": 2,
                "stroke-opacity": 1,
                "fill": "#b04040",
                "fill-opacity": 0.5,
                "new_construction": false,
                "price_range": null,
                "amenities": [
                    "larger lots",
                    "walking trails",
                    "close to Buffalo Creek Park (dog park, walking trails, soccer fields)"
                ],
                "bedrooms": null,
                "bathrooms": null,
                "garage": null,
                "home_size": null
            },
            "geometry": {
                "coordinates": [
                    [
                        [
                            -82.47198569546732,
                            27.574005062308544
                        ],
                        [
                            -82.47301423342863,
                            27.57358241478194
                        ],
                        [
                            -82.47287035330007,
                            27.572307029309755
                        ],
                        [
                            -82.47321977646898,
                            27.57208839031169
                        ],
                        [
                            -82.47365141685388,
                            27.57086764789976
                        ],
                        [
                            -82.47435026319168,
                            27.570703666541363
                        ],
                        [
                            -82.47437081744786,
                            27.569993077739284
                        ],
                        [
                            -82.47451469750713,
                            27.56935536590707
                        ],
                        [
                            -82.47539853258112,
                            27.56931892512459
                        ],
                        [
                            -82.47572740144584,
                            27.569464688183317
                        ],
                        [
                            -82.47659068221641,
                            27.56926426392711
                        ],
                        [
                            -82.47675511663623,
                            27.56866930058621
                        ],
                        [
                            -82.47661123646907,
                            27.56806802235208
                        ],
                        [
                            -82.4752546524018,
                            27.568013360532234
                        ],
                        [
                            -82.47504910936144,
                            27.567612506352617
                        ],
                        [
                            -82.47560407557073,
                            27.567393858001054
                        ],
                        [
                            -82.47698121394218,
                            27.567138767706737
                        ],
                        [
                            -82.47731008280688,
                            27.56613662152641
                        ],
                        [
                            -82.47683733381363,
                            27.565717539501136
                        ],
                        [
                            -82.47546019544215,
                            27.56520735052804
                        ],
                        [
                            -82.47402139415888,
                            27.56566287651063
                        ],
                        [
                            -82.47411400436711,
                            27.565220964976675
                        ],
                        [
                            -82.47446645920628,
                            27.564546585948833
                        ],
                        [
                            -82.47458978523123,
                            27.56369018651253
                        ],
                        [
                            -82.4747953282716,
                            27.561667600364387
                        ],
                        [
                            -82.47407592763038,
                            27.561048062016297
                        ],
                        [
                            -82.46756021324536,
                            27.561048062016297
                        ],
                        [
                            -82.46671748677898,
                            27.561430718467477
                        ],
                        [
                            -82.46655966507649,
                            27.563902345257702
                        ],
                        [
                            -82.46700935302327,
                            27.564576051267423
                        ],
                        [
                            -82.4675356426792,
                            27.56536001448312
                        ],
                        [
                            -82.46880350247923,
                            27.567788916957596
                        ],
                        [
                            -82.4689062739859,
                            27.568930662412143
                        ],
                        [
                            -82.4688446109993,
                            27.569768800361558
                        ],
                        [
                            -82.4688651653035,
                            27.570552271315847
                        ],
                        [
                            -82.46849518783037,
                            27.57142683693735
                        ],
                        [
                            -82.46880350239093,
                            27.572775111946896
                        ],
                        [
                            -82.469518991329,
                            27.572775111909337
                        ],
                        [
                            -82.47060836948755,
                            27.572410714790095
                        ],
                        [
                            -82.47144149241319,
                            27.572602142791993
                        ],
                        [
                            -82.47155405508089,
                            27.57322161600095
                        ],
                        [
                            -82.47198569546732,
                            27.574005062308544
                        ]
                    ]
                ],
                "type": "Polygon"
            }
        },
        {
            "type": "Feature",
            "properties": {
                "neighborhood": "Bella Lago",
                "stroke": "#9d5353",
                "stroke-width": 2,
                "stroke-opacity": 1,
                "fill": "#9d5353",
                "fill-opacity": 0.5,
                "new_construction": true,
                "price_range": "$308,990 +",
                "amenities": [
                    "clubhouse",
                    "pool",
                    "fitness center",
                    "dog park",
                    "playground"
                ],
                "bedrooms": "3-5",
                "bathrooms": "2-3",
                "garage": "2 car",
                "home_size": "1,504 - 3,500 sq ft"
            },
            "geometry": {
                "coordinates": [
                    [
                        [
                            -82.41231321932263,
                            27.61480726035245
                        ],
                        [
                            -82.43315776161806,
                            27.614500506815503
                        ],
                        [
                            -82.43311227706201,
                            27.60732629487306
                        ],
                        [
                            -82.43324873072926,
                            27.60647986809758
                        ],
                        [
                            -82.43356712316827,
                            27.605996192512563
                        ],
                        [
                            -82.43411293783686,
                            27.605351288685725
                        ],
                        [
                            -82.43474972161708,
                            27.60478699472401
                        ],
                        [
                            -82.4352955362861,
                            27.604142083780985
                        ],
                        [
                            -82.43565941273182,
                            27.603577783592044
                        ],
                        [
                            -82.43575038184346,
                            27.602852250507397
                        ],
                        [
                            -82.4220140460126,
                            27.602811942973503
                        ],
                        [
                            -82.41231321932263,
                            27.61480726035245
                        ]
                    ]
                ],
                "type": "Polygon"
            }
        },
        {
            "type": "Feature",
            "properties": {
                "neighborhood": "Forest Creek",
                "stroke": "#ffa200",
                "stroke-width": 2,
                "stroke-opacity": 1,
                "fill": "#ffa200",
                "fill-opacity": 0.5,
                "new_construction": false,
                "price_range": null,
                "amenities": [
                    "clubhouse",
                    "fitness center",
                    "pool",
                    "basketball court"
                ],
                "bedrooms": null,
                "bathrooms": null,
                "garage": null,
                "home_size": null
            },
            "geometry": {
                "coordinates": [
                    [
                        [
                            -82.43777867845434,
                            27.562849326906303
                        ],
                        [
                            -82.437654092083,
                            27.552227561450593
                        ],
                        [
                            -82.43356350622413,
                            27.552245970945236
                        ],
                        [
                            -82.43352197743343,
                            27.553608264974642
                        ],
                        [
                            -82.42949368476067,
                            27.553681902008094
                        ],
                        [
                            -82.42949368476067,
                            27.557050743491203
                        ],
                        [
                            -82.43057343331166,
                            27.557216421553008
                        ],
                        [
                            -82.43136248033069,
                            27.559867236545585
                        ],
                        [
                            -82.43356350622413,
                            27.55964633774073
                        ],
                        [
                            -82.43372962138548,
                            27.563180665279262
                        ],
                        [
                            -82.43526618663203,
                            27.564101044400445
                        ],
                        [
                            -82.43777867845434,
                            27.562849326906303
                        ]
                    ]
                ],
                "type": "Polygon"
            }
        },
        {
            "type": "Feature",
            "properties": {
                "neighborhood": "Creekside at Rutland Ranch",
                "stroke": "#8363d9",
                "stroke-width": 2,
                "stroke-opacity": 1,
                "fill": "#8363d9",
                "fill-opacity": 0.5,
                "new_construction": true,
                "price_range": null,
                "amenities": [
                    "parks",
                    "pond overlooks",
                    "sports fields"
                ],
                "bedrooms": null,
                "bathrooms": null,
                "garage": null,
                "home_size": null
            },
            "geometry": {
                "coordinates": [
                    [
                        [
                            -82.37999235939292,
                            27.575492225923384
                        ],
                        [
                            -82.38264164693396,
                            27.57547209070161
                        ],
                        [
                            -82.38263959254188,
                            27.571769402362037
                        ],
                        [
                            -82.38259097733874,
                            27.571058348076846
                        ],
                        [
                            -82.38250590073292,
                            27.570842876171753
                        ],
                        [
                            -82.38105654692545,
                            27.5706886160676
                        ],
                        [
                            -82.38081774170588,
                            27.570908320500592
                        ],
                        [
                            -82.38054628647363,
                            27.571128024493703
                        ],
                        [
                            -82.3801332024238,
                            27.571713899658434
                        ],
                        [
                            -82.38007419041676,
                            27.572080070047946
                        ],
                        [
                            -82.37999235939292,
                            27.575492225923384
                        ]
                    ]
                ],
                "type": "Polygon"
            },
            "id": 43
        },
        {
            "type": "Feature",
            "properties": {
                "neighborhood": "Creekside Oaks",
                "stroke": "#39c690",
                "stroke-width": 2,
                "stroke-opacity": 1,
                "fill": "#37c386",
                "fill-opacity": 0.5,
                "new_construction": false,
                "price_range": null,
                "amenities": null,
                "bedrooms": null,
                "bathrooms": null,
                "garage": null,
                "home_size": null
            },
            "geometry": {
                "coordinates": [
                    [
                        [
                            -82.47864113502862,
                            27.554030898867012
                        ],
                        [
                            -82.47857748853176,
                            27.548331584275232
                        ],
                        [
                            -82.47737760536056,
                            27.548418558019407
                        ],
                        [
                            -82.47618011658108,
                            27.55041759021458
                        ],
                        [
                            -82.47531832549349,
                            27.551417092668004
                        ],
                        [
                            -82.47489745077667,
                            27.55176136362931
                        ],
                        [
                            -82.4745367010188,
                            27.551867976353293
                        ],
                        [
                            -82.47454672184483,
                            27.554102377543515
                        ],
                        [
                            -82.47864113502862,
                            27.554030898867012
                        ]
                    ]
                ],
                "type": "Polygon"
            }
        },
        {
            "type": "Feature",
            "properties": {
                "neighborhood": "Copperstone",
                "stroke": "#40c48b",
                "stroke-width": 2,
                "stroke-opacity": 1,
                "fill": "#40c48b",
                "fill-opacity": 0.5,
                "new_construction": false,
                "price_range": null,
                "amenities": [
                    "clubhouse",
                    "fitness center",
                    "playgrounds",
                    "nature trails"
                ],
                "bedrooms": null,
                "bathrooms": null,
                "garage": null,
                "home_size": null
            },
            "geometry": {
                "coordinates": [
                    [
                        [
                            -82.44364816740064,
                            27.590693122126766
                        ],
                        [
                            -82.4441142871079,
                            27.590630599417224
                        ],
                        [
                            -82.44429156204826,
                            27.589106572187703
                        ],
                        [
                            -82.44627704138195,
                            27.58912228391685
                        ],
                        [
                            -82.4485638881145,
                            27.589153707367657
                        ],
                        [
                            -82.45232328219696,
                            27.58915068467597
                        ],
                        [
                            -82.45216139411818,
                            27.585346910790904
                        ],
                        [
                            -82.46184457398925,
                            27.584860277887344
                        ],
                        [
                            -82.46110725048388,
                            27.582671648986008
                        ],
                        [
                            -82.45269513908352,
                            27.583452830634922
                        ],
                        [
                            -82.45249452169521,
                            27.58088117761946
                        ],
                        [
                            -82.45050890963145,
                            27.58140675225865
                        ],
                        [
                            -82.44155268932005,
                            27.583845725520817
                        ],
                        [
                            -82.44163109158153,
                            27.584098702909927
                        ],
                        [
                            -82.44172623666728,
                            27.5846384145227
                        ],
                        [
                            -82.44155497551236,
                            27.585093794130643
                        ],
                        [
                            -82.44195458487333,
                            27.58661171249875
                        ],
                        [
                            -82.44204972995905,
                            27.588972877086192
                        ],
                        [
                            -82.43986139298505,
                            27.589158395006564
                        ],
                        [
                            -82.43989945101963,
                            27.591333990829412
                        ],
                        [
                            -82.4426967165426,
                            27.591367720656976
                        ],
                        [
                            -82.44364816740064,
                            27.590693122126766
                        ]
                    ]
                ],
                "type": "Polygon"
            }
        },
        {
            "type": "Feature",
            "properties": {
                "neighborhood": "Firethorn",
                "stroke": "#40c48b",
                "stroke-width": 2,
                "stroke-opacity": 1,
                "fill": "#40c48b",
                "fill-opacity": 0.5,
                "new_construction": true,
                "price_range": null,
                "amenities": null,
                "bedrooms": null,
                "bathrooms": null,
                "garage": null,
                "home_size": null
            },
            "geometry": {
                "coordinates": [
                    [
                        [
                            -82.39980253598605,
                            27.63056284993324
                        ],
                        [
                            -82.39662075119408,
                            27.63437384061193
                        ],
                        [
                            -82.39665630186241,
                            27.637995733545978
                        ],
                        [
                            -82.40051354934748,
                            27.637979986444748
                        ],
                        [
                            -82.40050434002666,
                            27.64181697366729
                        ],
                        [
                            -82.41285819718001,
                            27.641659508054005
                        ],
                        [
                            -82.41276929539804,
                            27.630636357338048
                        ],
                        [
                            -82.39980253598605,
                            27.63056284993324
                        ]
                    ]
                ],
                "type": "Polygon"
            },
            "id": 46
        }
    ]
}